lombrices_agregadas_g,prediccion,error,error_abs,modelo,validacion,augmentation
0,12.958527803022172,-12.958527803022172,12.958527803022172,Ridge,LOO,none
10,5.783255458902346,4.216744541097654,4.216744541097654,Ridge,LOO,none
10,0.6593190370932973,9.340680962906703,9.340680962906703,Ridge,LOO,none
10,8.809123298090832,1.1908767019091684,1.1908767019091684,Ridge,LOO,none
10,23.62022644252331,-13.620226442523311,13.620226442523311,Ridge,LOO,none
10,24.145958907111098,-14.145958907111098,14.145958907111098,Ridge,LOO,none
20,15.41854860001331,4.58145139998669,4.58145139998669,Ridge,LOO,none
20,23.05996076158098,-3.0599607615809816,3.0599607615809816,Ridge,LOO,none
20,26.246405595445246,-6.246405595445246,6.246405595445246,Ridge,LOO,none
20,63.31513078110159,-43.31513078110159,43.31513078110159,Ridge,LOO,none
20,26.47753168862633,-6.477531688626328,6.477531688626328,Ridge,LOO,none
30,27.271008796540123,2.728991203459877,2.728991203459877,Ridge,LOO,none
30,23.93739390829812,6.0626060917018805,6.0626060917018805,Ridge,LOO,none
30,35.05087246890616,-5.050872468906157,5.050872468906157,Ridge,LOO,none
30,23.01438603972893,6.9856139602710705,6.9856139602710705,Ridge,LOO,none
30,41.414380257410016,-11.414380257410016,11.414380257410016,Ridge,LOO,none
40,48.774308251909034,-8.774308251909034,8.774308251909034,Ridge,LOO,none
40,42.43105142450101,-2.431051424501007,2.431051424501007,Ridge,LOO,none
40,37.463407017047,2.536592982953003,2.536592982953003,Ridge,LOO,none
40,41.74947367335112,-1.749473673351119,1.749473673351119,Ridge,LOO,none
40,35.75897190575678,4.2410280942432195,4.2410280942432195,Ridge,LOO,none
50,38.58853907353371,11.41146092646629,11.41146092646629,Ridge,LOO,none
50,46.15629804589008,3.8437019541099176,3.8437019541099176,Ridge,LOO,none
50,52.372070802337234,-2.372070802337234,2.372070802337234,Ridge,LOO,none
50,40.599342017423,9.400657982577002,9.400657982577002,Ridge,LOO,none
50,49.090692188844535,0.9093078111554647,0.9093078111554647,Ridge,LOO,none
0,12.958527803022172,-12.958527803022172,12.958527803022172,Ridge,LOWO,none
10,2.1733505232507646,7.826649476749235,7.826649476749235,Ridge,LOWO,none
10,2.705441062095556,7.294558937904444,7.294558937904444,Ridge,LOWO,none
10,10.892784653009333,-0.8927846530093326,0.8927846530093326,Ridge,LOWO,none
10,17.6206827839178,-7.6206827839178,7.6206827839178,Ridge,LOWO,none
10,19.945838855858792,-9.945838855858792,9.945838855858792,Ridge,LOWO,none
20,17.090768867725927,2.9092311322740727,2.9092311322740727,Ridge,LOWO,none
20,24.04743621906845,-4.047436219068452,4.047436219068452,Ridge,LOWO,none
20,28.28437212685078,-8.28437212685078,8.28437212685078,Ridge,LOWO,none
20,35.54529947361449,-15.545299473614492,15.545299473614492,Ridge,LOWO,none
20,27.253756615185047,-7.253756615185047,7.253756615185047,Ridge,LOWO,none
30,24.53566922736094,5.464330772639059,5.464330772639059,Ridge,LOWO,none
30,26.565941004877736,3.434058995122264,3.434058995122264,Ridge,LOWO,none
30,32.374641213244594,-2.374641213244594,2.374641213244594,Ridge,LOWO,none
30,28.020500132430133,1.9794998675698672,1.9794998675698672,Ridge,LOWO,none
30,43.82425453948897,-13.824254539488969,13.824254539488969,Ridge,LOWO,none
40,51.77854320548606,-11.77854320548606,11.77854320548606,Ridge,LOWO,none
40,42.51847274623165,-2.5184727462316516,2.5184727462316516,Ridge,LOWO,none
40,39.53563860926022,0.4643613907397821,0.4643613907397821,Ridge,LOWO,none
40,44.96704750688671,-4.967047506886708,4.967047506886708,Ridge,LOWO,none
40,35.347367579521745,4.652632420478255,4.652632420478255,Ridge,LOWO,none
50,36.685151460929205,13.314848539070795,13.314848539070795,Ridge,LOWO,none
50,43.573257955669156,6.426742044330844,6.426742044330844,Ridge,LOWO,none
50,42.79571591829684,7.2042840817031575,7.2042840817031575,Ridge,LOWO,none
50,37.6318922066324,12.3681077933676,12.3681077933676,Ridge,LOWO,none
50,39.69514736435296,10.304852635647038,10.304852635647038,Ridge,LOWO,none
0,20.346781800985013,-20.346781800985013,20.346781800985013,SVR_RBF,LOO,none
10,18.732830763021113,-8.732830763021113,8.732830763021113,SVR_RBF,LOO,none
10,15.029090507465058,-5.0290905074650585,5.0290905074650585,SVR_RBF,LOO,none
10,16.97267337758634,-6.972673377586339,6.972673377586339,SVR_RBF,LOO,none
10,27.28573839967277,-17.28573839967277,17.28573839967277,SVR_RBF,LOO,none
10,21.976790702714144,-11.976790702714144,11.976790702714144,SVR_RBF,LOO,none
20,17.852722410929427,2.1472775890705726,2.1472775890705726,SVR_RBF,LOO,none
20,23.945285865668296,-3.9452858656682963,3.9452858656682963,SVR_RBF,LOO,none
20,26.50895291360627,-6.508952913606269,6.508952913606269,SVR_RBF,LOO,none
20,24.382630444975224,-4.382630444975224,4.382630444975224,SVR_RBF,LOO,none
20,26.545428041067204,-6.545428041067204,6.545428041067204,SVR_RBF,LOO,none
30,29.97886442946805,0.02113557053194981,0.02113557053194981,SVR_RBF,LOO,none
30,28.241389047165956,1.7586109528340437,1.7586109528340437,SVR_RBF,LOO,none
30,31.819350333914745,-1.8193503339147448,1.8193503339147448,SVR_RBF,LOO,none
30,22.462953987320667,7.537046012679333,7.537046012679333,SVR_RBF,LOO,none
30,41.462882573792456,-11.462882573792456,11.462882573792456,SVR_RBF,LOO,none
40,33.49613448554082,6.503865514459179,6.503865514459179,SVR_RBF,LOO,none
40,38.94014962117074,1.0598503788292604,1.0598503788292604,SVR_RBF,LOO,none
40,33.795796521012626,6.204203478987374,6.204203478987374,SVR_RBF,LOO,none
40,38.67084904781838,1.329150952181621,1.329150952181621,SVR_RBF,LOO,none
40,31.23053677920693,8.769463220793071,8.769463220793071,SVR_RBF,LOO,none
50,34.87165405514749,15.128345944852512,15.128345944852512,SVR_RBF,LOO,none
50,32.099347048566464,17.900652951433536,17.900652951433536,SVR_RBF,LOO,none
50,32.983679183678895,17.016320816321105,17.016320816321105,SVR_RBF,LOO,none
50,25.549447003244637,24.450552996755363,24.450552996755363,SVR_RBF,LOO,none
50,25.505167729336947,24.494832270663053,24.494832270663053,SVR_RBF,LOO,none
0,20.346781800985013,-20.346781800985013,20.346781800985013,SVR_RBF,LOWO,none
10,26.56492232059026,-16.56492232059026,16.56492232059026,SVR_RBF,LOWO,none
10,23.90585479603268,-13.905854796032681,13.905854796032681,SVR_RBF,LOWO,none
10,25.370725804889453,-15.370725804889453,15.370725804889453,SVR_RBF,LOWO,none
10,28.49567511339344,-18.49567511339344,18.49567511339344,SVR_RBF,LOWO,none
10,23.287145852064068,-13.287145852064068,13.287145852064068,SVR_RBF,LOWO,none
20,22.512662670318207,-2.512662670318207,2.512662670318207,SVR_RBF,LOWO,none
20,26.93489125770051,-6.93489125770051,6.93489125770051,SVR_RBF,LOWO,none
20,28.415349339769943,-8.415349339769943,8.415349339769943,SVR_RBF,LOWO,none
20,27.03465700221552,-7.034657002215521,7.034657002215521,SVR_RBF,LOWO,none
20,26.392820103584064,-6.392820103584064,6.392820103584064,SVR_RBF,LOWO,none
30,30.859288016881635,-0.859288016881635,0.859288016881635,SVR_RBF,LOWO,none
30,29.43406425521273,0.5659357447872715,0.5659357447872715,SVR_RBF,LOWO,none
30,32.41266973937464,-2.4126697393746426,2.4126697393746426,SVR_RBF,LOWO,none
30,23.255792918119838,6.7442070818801625,6.7442070818801625,SVR_RBF,LOWO,none
30,41.26139254346032,-11.261392543460317,11.261392543460317,SVR_RBF,LOWO,none
40,30.525451902619785,9.474548097380215,9.474548097380215,SVR_RBF,LOWO,none
40,34.823789539148954,5.1762104608510455,5.1762104608510455,SVR_RBF,LOWO,none
40,29.608106767655947,10.391893232344053,10.391893232344053,SVR_RBF,LOWO,none
40,31.207092102359624,8.792907897640376,8.792907897640376,SVR_RBF,LOWO,none
40,27.56573746890951,12.43426253109049,12.43426253109049,SVR_RBF,LOWO,none
50,33.49772712877564,16.502272871224363,16.502272871224363,SVR_RBF,LOWO,none
50,31.01280031965076,18.98719968034924,18.98719968034924,SVR_RBF,LOWO,none
50,32.826496988123566,17.173503011876434,17.173503011876434,SVR_RBF,LOWO,none
50,24.402962908841964,25.597037091158036,25.597037091158036,SVR_RBF,LOWO,none
50,24.31222749598839,25.68777250401161,25.68777250401161,SVR_RBF,LOWO,none
0,14.89625,-14.89625,14.89625,RandomForest,LOO,none
10,13.234553571428576,-3.2345535714285756,3.2345535714285756,RandomForest,LOO,none
10,11.598333333333334,-1.5983333333333345,1.5983333333333345,RandomForest,LOO,none
10,12.532291666666673,-2.532291666666673,2.532291666666673,RandomForest,LOO,none
10,18.22625,-8.22625,8.22625,RandomForest,LOO,none
10,16.211607142857144,-6.211607142857144,6.211607142857144,RandomForest,LOO,none
20,15.72532738095238,4.274672619047619,4.274672619047619,RandomForest,LOO,none
20,16.384672619047617,3.615327380952383,3.615327380952383,RandomForest,LOO,none
20,23.946398809523814,-3.9463988095238136,3.9463988095238136,RandomForest,LOO,none
20,12.727291666666668,7.272708333333332,7.272708333333332,RandomForest,LOO,none
20,23.46369047619047,-3.4636904761904717,3.4636904761904717,RandomForest,LOO,none
30,27.58202380952381,2.417976190476189,2.417976190476189,RandomForest,LOO,none
30,29.9275,0.07250000000000156,0.07250000000000156,RandomForest,LOO,none
30,32.67833333333333,-2.6783333333333275,2.6783333333333275,RandomForest,LOO,none
30,26.164523809523807,3.835476190476193,3.835476190476193,RandomForest,LOO,none
30,34.42880952380952,-4.4288095238095195,4.4288095238095195,RandomForest,LOO,none
40,41.633214285714274,-1.6332142857142742,1.6332142857142742,RandomForest,LOO,none
40,39.85857142857142,0.1414285714285768,0.1414285714285768,RandomForest,LOO,none
40,39.59315476190476,0.40684523809523654,0.40684523809523654,RandomForest,LOO,none
40,40.448809523809516,-0.44880952380951555,0.44880952380951555,RandomForest,LOO,none
40,40.82690476190476,-0.8269047619047569,0.8269047619047569,RandomForest,LOO,none
50,38.30184523809523,11.698154761904767,11.698154761904767,RandomForest,LOO,none
50,40.81357142857143,9.186428571428571,9.186428571428571,RandomForest,LOO,none
50,42.68839285714285,7.311607142857149,7.311607142857149,RandomForest,LOO,none
50,38.32202380952381,11.677976190476187,11.677976190476187,RandomForest,LOO,none
50,43.546726190476186,6.4532738095238145,6.4532738095238145,RandomForest,LOO,none
0,14.89625,-14.89625,14.89625,RandomForest,LOWO,none
10,19.11625,-9.11625,9.11625,RandomForest,LOWO,none
10,17.237083333333334,-7.237083333333334,7.237083333333334,RandomForest,LOWO,none
10,20.179583333333333,-10.179583333333333,10.179583333333333,RandomForest,LOWO,none
10,21.85875,-11.85875,11.85875,RandomForest,LOWO,none
10,17.340297619047618,-7.340297619047618,7.340297619047618,RandomForest,LOWO,none
20,11.510684523809525,8.489315476190475,8.489315476190475,RandomForest,LOWO,none
20,14.365029761904763,5.634970238095237,5.634970238095237,RandomForest,LOWO,none
20,21.800714285714285,-1.8007142857142853,1.8007142857142853,RandomForest,LOWO,none
20,8.067708333333332,11.932291666666668,11.932291666666668,RandomForest,LOWO,none
20,24.89708333333333,-4.897083333333331,4.897083333333331,RandomForest,LOWO,none
30,27.67288690476191,2.32711309523809,2.32711309523809,RandomForest,LOWO,none
30,32.69517857142857,-2.6951785714285705,2.6951785714285705,RandomForest,LOWO,none
30,37.09684523809524,-7.096845238095241,7.096845238095241,RandomForest,LOWO,none
30,25.750952380952377,4.249047619047623,4.249047619047623,RandomForest,LOWO,none
30,38.687916666666666,-8.687916666666666,8.687916666666666,RandomForest,LOWO,none
40,41.7,-1.7000000000000028,1.7000000000000028,RandomForest,LOWO,none
40,39.0,1.0,1.0,RandomForest,LOWO,none
40,40.44916666666666,-0.44916666666666316,0.44916666666666316,RandomForest,LOWO,none
40,39.845,0.15500000000000114,0.15500000000000114,RandomForest,LOWO,none
40,40.05,-0.04999999999999716,0.04999999999999716,RandomForest,LOWO,none
50,32.07291666666667,17.92708333333333,17.92708333333333,RandomForest,LOWO,none
50,35.154375,14.845624999999998,14.845624999999998,RandomForest,LOWO,none
50,37.12625,12.873750000000001,12.873750000000001,RandomForest,LOWO,none
50,30.649315476190473,19.350684523809527,19.350684523809527,RandomForest,LOWO,none
50,34.62625,15.373750000000001,15.373750000000001,RandomForest,LOWO,none
0,10.620864269707843,-10.620864269707843,10.620864269707843,GradientBoosting,LOO,none
10,10.275824565583278,-0.27582456558327806,0.27582456558327806,GradientBoosting,LOO,none
10,8.14424831233942,1.8557516876605806,1.8557516876605806,GradientBoosting,LOO,none
10,10.635151846214148,-0.6351518462141481,0.6351518462141481,GradientBoosting,LOO,none
10,9.425446397262112,0.5745536027378879,0.5745536027378879,GradientBoosting,LOO,none
10,10.547713024125388,-0.5477130241253878,0.5477130241253878,GradientBoosting,LOO,none
20,18.32256271193359,1.677437288066411,1.677437288066411,GradientBoosting,LOO,none
20,15.669703518530763,4.330296481469237,4.330296481469237,GradientBoosting,LOO,none
20,20.455694956304004,-0.45569495630400425,0.45569495630400425,GradientBoosting,LOO,none
20,16.21212847145058,3.78787152854942,3.78787152854942,GradientBoosting,LOO,none
20,22.437885133373054,-2.4378851333730545,2.4378851333730545,GradientBoosting,LOO,none
30,29.964473103294285,0.03552689670571496,0.03552689670571496,GradientBoosting,LOO,none
30,29.964473103294285,0.03552689670571496,0.03552689670571496,GradientBoosting,LOO,none
30,29.964473103294285,0.03552689670571496,0.03552689670571496,GradientBoosting,LOO,none
30,26.959469236565894,3.0405307634341057,3.0405307634341057,GradientBoosting,LOO,none
30,29.964473103294285,0.03552689670571496,0.03552689670571496,GradientBoosting,LOO,none
40,39.68148671985157,0.31851328014843006,0.31851328014843006,GradientBoosting,LOO,none
40,39.68148671985157,0.31851328014843006,0.31851328014843006,GradientBoosting,LOO,none
40,39.68148671985157,0.31851328014843006,0.31851328014843006,GradientBoosting,LOO,none
40,39.68148671985157,0.31851328014843006,0.31851328014843006,GradientBoosting,LOO,none
40,39.68148671985157,0.31851328014843006,0.31851328014843006,GradientBoosting,LOO,none
50,42.79508526770645,7.2049147322935525,7.2049147322935525,GradientBoosting,LOO,none
50,49.20365072299711,0.7963492770028893,0.7963492770028893,GradientBoosting,LOO,none
50,49.20365072299711,0.7963492770028893,0.7963492770028893,GradientBoosting,LOO,none
50,49.20365072299711,0.7963492770028893,0.7963492770028893,GradientBoosting,LOO,none
50,49.20365072299711,0.7963492770028893,0.7963492770028893,GradientBoosting,LOO,none
0,10.620864269707843,-10.620864269707843,10.620864269707843,GradientBoosting,LOWO,none
10,14.863570259518736,-4.8635702595187364,4.8635702595187364,GradientBoosting,LOWO,none
10,16.997089809685566,-6.997089809685566,6.997089809685566,GradientBoosting,LOWO,none
10,18.01531693880262,-8.01531693880262,8.01531693880262,GradientBoosting,LOWO,none
10,19.569435280736283,-9.569435280736283,9.569435280736283,GradientBoosting,LOWO,none
10,23.96831706560769,-13.968317065607689,13.968317065607689,GradientBoosting,LOWO,none
20,8.278156646445648,11.721843353554352,11.721843353554352,GradientBoosting,LOWO,none
20,10.082908821046237,9.917091178953763,9.917091178953763,GradientBoosting,LOWO,none
20,13.15650633301424,6.84349366698576,6.84349366698576,GradientBoosting,LOWO,none
20,8.88628449212118,11.11371550787882,11.11371550787882,GradientBoosting,LOWO,none
20,19.65244834489921,0.34755165510079067,0.34755165510079067,GradientBoosting,LOWO,none
30,26.88882712647178,3.1111728735282185,3.1111728735282185,GradientBoosting,LOWO,none
30,30.200005022536857,-0.2000050225368568,0.2000050225368568,GradientBoosting,LOWO,none
30,30.626598985690748,-0.6265989856907481,0.6265989856907481,GradientBoosting,LOWO,none
30,23.022151115460687,6.977848884539313,6.977848884539313,GradientBoosting,LOWO,none
30,29.86710745498606,0.13289254501394154,0.13289254501394154,GradientBoosting,LOWO,none
40,44.770209373034135,-4.770209373034135,4.770209373034135,GradientBoosting,LOWO,none
40,44.770209373034135,-4.770209373034135,4.770209373034135,GradientBoosting,LOWO,none
40,44.770209373034135,-4.770209373034135,4.770209373034135,GradientBoosting,LOWO,none
40,44.770209373034135,-4.770209373034135,4.770209373034135,GradientBoosting,LOWO,none
40,39.68021590331294,0.31978409668705865,0.31978409668705865,GradientBoosting,LOWO,none
50,34.41064935389587,15.58935064610413,15.58935064610413,GradientBoosting,LOWO,none
50,39.51077569179204,10.489224308207959,10.489224308207959,GradientBoosting,LOWO,none
50,39.51077569179204,10.489224308207959,10.489224308207959,GradientBoosting,LOWO,none
50,39.373853225294404,10.626146774705596,10.626146774705596,GradientBoosting,LOWO,none
50,39.51077569179204,10.489224308207959,10.489224308207959,GradientBoosting,LOWO,none
0,18.874591581808602,-18.874591581808602,18.874591581808602,CatBoost,LOO,none
10,14.931054466708288,-4.931054466708288,4.931054466708288,CatBoost,LOO,none
10,13.032629110462462,-3.0326291104624623,3.0326291104624623,CatBoost,LOO,none
10,12.541125341386273,-2.541125341386273,2.541125341386273,CatBoost,LOO,none
10,21.081329202924632,-11.081329202924632,11.081329202924632,CatBoost,LOO,none
10,17.469094926231197,-7.469094926231197,7.469094926231197,CatBoost,LOO,none
20,13.874120800451909,6.125879199548091,6.125879199548091,CatBoost,LOO,none
20,19.73352371116333,0.26647628883667096,0.26647628883667096,CatBoost,LOO,none
20,27.677725453938766,-7.677725453938766,7.677725453938766,CatBoost,LOO,none
20,15.69583636558879,4.304163634411211,4.304163634411211,CatBoost,LOO,none
20,28.037119351118353,-8.037119351118353,8.037119351118353,CatBoost,LOO,none
30,27.721020568896606,2.2789794311033944,2.2789794311033944,CatBoost,LOO,none
30,29.86597567982874,0.1340243201712603,0.1340243201712603,CatBoost,LOO,none
30,31.90578760087077,-1.9057876008707701,1.9057876008707701,CatBoost,LOO,none
30,25.165554060206055,4.8344459397939445,4.8344459397939445,CatBoost,LOO,none
30,36.90738952196373,-6.907389521963729,6.907389521963729,CatBoost,LOO,none
40,36.59907696896399,3.400923031036008,3.400923031036008,CatBoost,LOO,none
40,39.63396967812652,0.36603032187348106,0.36603032187348106,CatBoost,LOO,none
40,38.84977119759657,1.1502288024034328,1.1502288024034328,CatBoost,LOO,none
40,40.003909738368904,-0.003909738368903959,0.003909738368903959,CatBoost,LOO,none
40,38.14371724928091,1.8562827507190889,1.8562827507190889,CatBoost,LOO,none
50,39.42572798943547,10.574272010564528,10.574272010564528,CatBoost,LOO,none
50,40.105179515525094,9.894820484474906,9.894820484474906,CatBoost,LOO,none
50,44.85554803774032,5.14445196225968,5.14445196225968,CatBoost,LOO,none
50,36.117302193402594,13.882697806597406,13.882697806597406,CatBoost,LOO,none
50,42.744249882763725,7.255750117236275,7.255750117236275,CatBoost,LOO,none
0,18.874591581808602,-18.874591581808602,18.874591581808602,CatBoost,LOWO,none
10,21.912180321849952,-11.912180321849952,11.912180321849952,CatBoost,LOWO,none
10,20.957655890552466,-10.957655890552466,10.957655890552466,CatBoost,LOWO,none
10,21.345664397872213,-11.345664397872213,11.345664397872213,CatBoost,LOWO,none
10,25.145198484106043,-15.145198484106043,15.145198484106043,CatBoost,LOWO,none
10,20.663789338173714,-10.663789338173714,10.663789338173714,CatBoost,LOWO,none
20,12.551666526423634,7.4483334735763655,7.4483334735763655,CatBoost,LOWO,none
20,15.07692857209064,4.92307142790936,4.92307142790936,CatBoost,LOWO,none
20,21.840946491251245,-1.8409464912512448,1.8409464912512448,CatBoost,LOWO,none
20,11.905158946214126,8.094841053785874,8.094841053785874,CatBoost,LOWO,none
20,24.279655791675836,-4.279655791675836,4.279655791675836,CatBoost,LOWO,none
30,30.96226920335919,-0.9622692033591917,0.9622692033591917,CatBoost,LOWO,none
30,35.27361682579633,-5.273616825796331,5.273616825796331,CatBoost,LOWO,none
30,38.71900336858043,-8.719003368580431,8.719003368580431,CatBoost,LOWO,none
30,27.317721900170348,2.6822780998296523,2.6822780998296523,CatBoost,LOWO,none
30,39.96007173692381,-9.960071736923808,9.960071736923808,CatBoost,LOWO,none
40,41.329529458142574,-1.3295294581425736,1.3295294581425736,CatBoost,LOWO,none
40,42.382974854259075,-2.382974854259075,2.382974854259075,CatBoost,LOWO,none
40,40.37696055903491,-0.376960559034913,0.376960559034913,CatBoost,LOWO,none
40,42.11477568207333,-2.114775682073329,2.114775682073329,CatBoost,LOWO,none
40,40.88188754920129,-0.8818875492012879,0.8818875492012879,CatBoost,LOWO,none
50,34.66660866838329,15.33339133161671,15.33339133161671,CatBoost,LOWO,none
50,34.203436699441724,15.796563300558276,15.796563300558276,CatBoost,LOWO,none
50,37.03636685182711,12.963633148172889,12.963633148172889,CatBoost,LOWO,none
50,27.62354885355893,22.37645114644107,22.37645114644107,CatBoost,LOWO,none
50,32.13390674705044,17.86609325294956,17.86609325294956,CatBoost,LOWO,none
0,12.86449058027383,-12.86449058027383,12.86449058027383,Ridge,LOO,noise
10,5.7439730472748,4.2560269527252,4.2560269527252,Ridge,LOO,noise
10,0.6044891187054091,9.39551088129459,9.39551088129459,Ridge,LOO,noise
10,8.732296750307142,1.2677032496928575,1.2677032496928575,Ridge,LOO,noise
10,23.69961348894701,-13.699613488947008,13.699613488947008,Ridge,LOO,noise
10,23.980305505857203,-13.980305505857203,13.980305505857203,Ridge,LOO,noise
20,15.438736279543777,4.561263720456223,4.561263720456223,Ridge,LOO,noise
20,23.541673880749975,-3.5416738807499755,3.5416738807499755,Ridge,LOO,noise
20,26.285171327684246,-6.285171327684246,6.285171327684246,Ridge,LOO,noise
20,64.62148055198281,-44.62148055198281,44.62148055198281,Ridge,LOO,noise
20,26.282535021730325,-6.282535021730325,6.282535021730325,Ridge,LOO,noise
30,27.16138420281769,2.8386157971823103,2.8386157971823103,Ridge,LOO,noise
30,23.807779844100892,6.192220155899108,6.192220155899108,Ridge,LOO,noise
30,35.23715528746192,-5.237155287461917,5.237155287461917,Ridge,LOO,noise
30,23.059457463325053,6.940542536674947,6.940542536674947,Ridge,LOO,noise
30,41.27884351952053,-11.278843519520528,11.278843519520528,Ridge,LOO,noise
40,48.74607431872973,-8.746074318729733,8.746074318729733,Ridge,LOO,noise
40,42.52175066297078,-2.5217506629707813,2.5217506629707813,Ridge,LOO,noise
40,37.176492501224544,2.823507498775456,2.823507498775456,Ridge,LOO,noise
40,41.788174909787585,-1.7881749097875854,1.7881749097875854,Ridge,LOO,noise
40,35.98178944625151,4.018210553748489,4.018210553748489,Ridge,LOO,noise
50,38.55047556331387,11.449524436686133,11.449524436686133,Ridge,LOO,noise
50,46.45656868971476,3.543431310285243,3.543431310285243,Ridge,LOO,noise
50,52.41783165130356,-2.4178316513035583,2.4178316513035583,Ridge,LOO,noise
50,40.78068089335562,9.219319106644377,9.219319106644377,Ridge,LOO,noise
50,49.61853889839674,0.3814611016032572,0.3814611016032572,Ridge,LOO,noise
0,12.834420456348255,-12.834420456348255,12.834420456348255,Ridge,LOWO,noise
10,1.937420721904175,8.062579278095825,8.062579278095825,Ridge,LOWO,noise
10,2.788954862988529,7.211045137011471,7.211045137011471,Ridge,LOWO,noise
10,10.79856119981719,-0.7985611998171898,0.7985611998171898,Ridge,LOWO,noise
10,17.50024771824431,-7.50024771824431,7.50024771824431,Ridge,LOWO,noise
10,19.975703637883043,-9.975703637883043,9.975703637883043,Ridge,LOWO,noise
20,17.030260852910352,2.9697391470896477,2.9697391470896477,Ridge,LOWO,noise
20,24.286702406950894,-4.286702406950894,4.286702406950894,Ridge,LOWO,noise
20,27.805688188692965,-7.805688188692965,7.805688188692965,Ridge,LOWO,noise
20,34.89257631594209,-14.892576315942087,14.892576315942087,Ridge,LOWO,noise
20,27.15463105057343,-7.154631050573428,7.154631050573428,Ridge,LOWO,noise
30,24.26872565514771,5.731274344852292,5.731274344852292,Ridge,LOWO,noise
30,26.38312295558635,3.6168770444136484,3.6168770444136484,Ridge,LOWO,noise
30,32.226058393206415,-2.226058393206415,2.226058393206415,Ridge,LOWO,noise
30,27.719299301659024,2.2807006983409757,2.2807006983409757,Ridge,LOWO,noise
30,43.71370849086705,-13.713708490867049,13.713708490867049,Ridge,LOWO,noise
40,52.04096290475851,-12.040962904758509,12.040962904758509,Ridge,LOWO,noise
40,42.52996376303139,-2.5299637630313896,2.5299637630313896,Ridge,LOWO,noise
40,39.395909758145216,0.6040902418547844,0.6040902418547844,Ridge,LOWO,noise
40,44.97325473222568,-4.9732547322256835,4.9732547322256835,Ridge,LOWO,noise
40,35.26502920627394,4.734970793726063,4.734970793726063,Ridge,LOWO,noise
50,36.65023856752245,13.34976143247755,13.34976143247755,Ridge,LOWO,noise
50,43.83325230435756,6.166747695642442,6.166747695642442,Ridge,LOWO,noise
50,42.752154952699,7.2478450473009985,7.2478450473009985,Ridge,LOWO,noise
50,37.84701669805166,12.152983301948339,12.152983301948339,Ridge,LOWO,noise
50,39.9611779694673,10.0388220305327,10.0388220305327,Ridge,LOWO,noise
0,19.530149147948688,-19.530149147948688,19.530149147948688,SVR_RBF,LOO,noise
10,16.857721498864343,-6.857721498864343,6.857721498864343,SVR_RBF,LOO,noise
10,12.727060578271452,-2.727060578271452,2.727060578271452,SVR_RBF,LOO,noise
10,13.996999133032727,-3.996999133032727,3.996999133032727,SVR_RBF,LOO,noise
10,30.68425862152901,-20.68425862152901,20.68425862152901,SVR_RBF,LOO,noise
10,22.11316481632149,-12.11316481632149,12.11316481632149,SVR_RBF,LOO,noise
20,19.260816994663383,0.7391830053366171,0.7391830053366171,SVR_RBF,LOO,noise
20,22.622794236506316,-2.6227942365063157,2.6227942365063157,SVR_RBF,LOO,noise
20,27.631871333500648,-7.631871333500648,7.631871333500648,SVR_RBF,LOO,noise
20,24.917037509414367,-4.917037509414367,4.917037509414367,SVR_RBF,LOO,noise
20,29.45977016503226,-9.45977016503226,9.45977016503226,SVR_RBF,LOO,noise
30,28.480723817168837,1.5192761828311632,1.5192761828311632,SVR_RBF,LOO,noise
30,28.319886855563695,1.680113144436305,1.680113144436305,SVR_RBF,LOO,noise
30,34.93732384269762,-4.937323842697623,4.937323842697623,SVR_RBF,LOO,noise
30,23.722178517629313,6.277821482370687,6.277821482370687,SVR_RBF,LOO,noise
30,43.696094054344,-13.696094054344002,13.696094054344002,SVR_RBF,LOO,noise
40,43.74192606609077,-3.7419260660907696,3.7419260660907696,SVR_RBF,LOO,noise
40,42.85834440461268,-2.85834440461268,2.85834440461268,SVR_RBF,LOO,noise
40,36.838905991675105,3.161094008324895,3.161094008324895,SVR_RBF,LOO,noise
40,42.08260625603535,-2.0826062560353478,2.0826062560353478,SVR_RBF,LOO,noise
40,33.88666598181006,6.1133340181899385,6.1133340181899385,SVR_RBF,LOO,noise
50,36.17109123583364,13.828908764166357,13.828908764166357,SVR_RBF,LOO,noise
50,33.95813259092605,16.04186740907395,16.04186740907395,SVR_RBF,LOO,noise
50,33.49955632043965,16.500443679560348,16.500443679560348,SVR_RBF,LOO,noise
50,28.24689616716801,21.75310383283199,21.75310383283199,SVR_RBF,LOO,noise
50,29.08962714440368,20.91037285559632,20.91037285559632,SVR_RBF,LOO,noise
0,19.512848326326534,-19.512848326326534,19.512848326326534,SVR_RBF,LOWO,noise
10,21.075707003365785,-11.075707003365785,11.075707003365785,SVR_RBF,LOWO,noise
10,19.675509479247147,-9.675509479247147,9.675509479247147,SVR_RBF,LOWO,noise
10,19.05847030329185,-9.058470303291848,9.058470303291848,SVR_RBF,LOWO,noise
10,30.035940239753543,-20.035940239753543,20.035940239753543,SVR_RBF,LOWO,noise
10,22.69523560276152,-12.695235602761521,12.695235602761521,SVR_RBF,LOWO,noise
20,20.41994525159928,-0.4199452515992803,0.4199452515992803,SVR_RBF,LOWO,noise
20,24.27971013490287,-4.279710134902871,4.279710134902871,SVR_RBF,LOWO,noise
20,28.03415467491556,-8.034154674915559,8.034154674915559,SVR_RBF,LOWO,noise
20,25.972401829472172,-5.972401829472172,5.972401829472172,SVR_RBF,LOWO,noise
20,28.79611075379737,-8.796110753797372,8.796110753797372,SVR_RBF,LOWO,noise
30,29.460608639180418,0.5393913608195824,0.5393913608195824,SVR_RBF,LOWO,noise
30,31.26521445847272,-1.2652144584727196,1.2652144584727196,SVR_RBF,LOWO,noise
30,35.31562034961355,-5.315620349613553,5.315620349613553,SVR_RBF,LOWO,noise
30,25.199212799834076,4.800787200165924,4.800787200165924,SVR_RBF,LOWO,noise
30,43.69522530275998,-13.69522530275998,13.69522530275998,SVR_RBF,LOWO,noise
40,44.47809916555446,-4.478099165554461,4.478099165554461,SVR_RBF,LOWO,noise
40,43.60760532869635,-3.6076053286963514,3.6076053286963514,SVR_RBF,LOWO,noise
40,37.221517632333715,2.7784823676662853,2.7784823676662853,SVR_RBF,LOWO,noise
40,42.565316390180165,-2.5653163901801648,2.5653163901801648,SVR_RBF,LOWO,noise
40,34.26053342522455,5.739466574775449,5.739466574775449,SVR_RBF,LOWO,noise
50,34.598493706168384,15.401506293831616,15.401506293831616,SVR_RBF,LOWO,noise
50,33.45332429304915,16.54667570695085,16.54667570695085,SVR_RBF,LOWO,noise
50,33.46472350837305,16.535276491626952,16.535276491626952,SVR_RBF,LOWO,noise
50,22.90471591467156,27.09528408532844,27.09528408532844,SVR_RBF,LOWO,noise
50,23.1162808097277,26.8837191902723,26.8837191902723,SVR_RBF,LOWO,noise
0,10.175,-10.175,10.175,RandomForest,LOO,noise
10,8.75,1.25,1.25,RandomForest,LOO,noise
10,8.025,1.9749999999999996,1.9749999999999996,RandomForest,LOO,noise
10,10.0,0.0,0.0,RandomForest,LOO,noise
10,6.5,3.5,3.5,RandomForest,LOO,noise
10,6.05,3.95,3.95,RandomForest,LOO,noise
20,19.8,0.1999999999999993,0.1999999999999993,RandomForest,LOO,noise
20,15.275,4.725,4.725,RandomForest,LOO,noise
20,23.45,-3.4499999999999993,3.4499999999999993,RandomForest,LOO,noise
20,19.4,0.6000000000000014,0.6000000000000014,RandomForest,LOO,noise
20,23.35,-3.3500000000000014,3.3500000000000014,RandomForest,LOO,noise
30,31.425,-1.4250000000000007,1.4250000000000007,RandomForest,LOO,noise
30,29.975,0.02499999999999858,0.02499999999999858,RandomForest,LOO,noise
30,30.025,-0.02499999999999858,0.02499999999999858,RandomForest,LOO,noise
30,28.775,1.2250000000000014,1.2250000000000014,RandomForest,LOO,noise
30,32.125,-2.125,2.125,RandomForest,LOO,noise
40,40.225,-0.22500000000000142,0.22500000000000142,RandomForest,LOO,noise
40,38.275,1.7250000000000014,1.7250000000000014,RandomForest,LOO,noise
40,39.05,0.9500000000000028,0.9500000000000028,RandomForest,LOO,noise
40,40.0,0.0,0.0,RandomForest,LOO,noise
40,39.15,0.8500000000000014,0.8500000000000014,RandomForest,LOO,noise
50,42.575,7.424999999999997,7.424999999999997,RandomForest,LOO,noise
50,49.275,0.7250000000000014,0.7250000000000014,RandomForest,LOO,noise
50,49.65,0.3500000000000014,0.3500000000000014,RandomForest,LOO,noise
50,49.4,0.6000000000000014,0.6000000000000014,RandomForest,LOO,noise
50,49.85,0.14999999999999858,0.14999999999999858,RandomForest,LOO,noise
0,10.175,-10.175,10.175,RandomForest,LOWO,noise
10,13.65,-3.6500000000000004,3.6500000000000004,RandomForest,LOWO,noise
10,10.25,-0.25,0.25,RandomForest,LOWO,noise
10,18.975,-8.975000000000001,8.975000000000001,RandomForest,LOWO,noise
10,24.95,-14.95,14.95,RandomForest,LOWO,noise
10,18.4,-8.399999999999999,8.399999999999999,RandomForest,LOWO,noise
20,8.05,11.95,11.95,RandomForest,LOWO,noise
20,8.65,11.35,11.35,RandomForest,LOWO,noise
20,16.775,3.2250000000000014,3.2250000000000014,RandomForest,LOWO,noise
20,6.925,13.075,13.075,RandomForest,LOWO,noise
20,21.85,-1.8500000000000014,1.8500000000000014,RandomForest,LOWO,noise
30,25.525,4.475000000000001,4.475000000000001,RandomForest,LOWO,noise
30,30.65,-0.6499999999999986,0.6499999999999986,RandomForest,LOWO,noise
30,30.8,-0.8000000000000007,0.8000000000000007,RandomForest,LOWO,noise
30,25.525,4.475000000000001,4.475000000000001,RandomForest,LOWO,noise
30,30.9,-0.8999999999999986,0.8999999999999986,RandomForest,LOWO,noise
40,42.85,-2.8500000000000014,2.8500000000000014,RandomForest,LOWO,noise
40,44.25,-4.25,4.25,RandomForest,LOWO,noise
40,44.35,-4.350000000000001,4.350000000000001,RandomForest,LOWO,noise
40,44.125,-4.125,4.125,RandomForest,LOWO,noise
40,41.875,-1.875,1.875,RandomForest,LOWO,noise
50,34.475,15.524999999999999,15.524999999999999,RandomForest,LOWO,noise
50,39.85,10.149999999999999,10.149999999999999,RandomForest,LOWO,noise
50,39.975,10.024999999999999,10.024999999999999,RandomForest,LOWO,noise
50,39.475,10.524999999999999,10.524999999999999,RandomForest,LOWO,noise
50,39.775,10.225000000000001,10.225000000000001,RandomForest,LOWO,noise
0,10.620864779789285,-10.620864779789285,10.620864779789285,GradientBoosting,LOO,noise
10,9.902533842126294,0.09746615787370594,0.09746615787370594,GradientBoosting,LOO,noise
10,8.012909815575293,1.9870901844247069,1.9870901844247069,GradientBoosting,LOO,noise
10,10.635151846214148,-0.6351518462141481,0.6351518462141481,GradientBoosting,LOO,noise
10,10.57728318621187,-0.5772831862118704,0.5772831862118704,GradientBoosting,LOO,noise
10,10.574285273159475,-0.5742852731594752,0.5742852731594752,GradientBoosting,LOO,noise
20,18.507038669039513,1.4929613309604868,1.4929613309604868,GradientBoosting,LOO,noise
20,15.468954667609484,4.531045332390516,4.531045332390516,GradientBoosting,LOO,noise
20,20.773792957954864,-0.7737929579548641,0.7737929579548641,GradientBoosting,LOO,noise
20,18.153147767188322,1.8468522328116777,1.8468522328116777,GradientBoosting,LOO,noise
20,22.65404778941448,-2.6540477894144807,2.6540477894144807,GradientBoosting,LOO,noise
30,29.964473103294285,0.03552689670571496,0.03552689670571496,GradientBoosting,LOO,noise
30,29.964473103294285,0.03552689670571496,0.03552689670571496,GradientBoosting,LOO,noise
30,29.964473103294285,0.03552689670571496,0.03552689670571496,GradientBoosting,LOO,noise
30,29.964473103294285,0.03552689670571496,0.03552689670571496,GradientBoosting,LOO,noise
30,29.964473103294285,0.03552689670571496,0.03552689670571496,GradientBoosting,LOO,noise
40,39.68148671985157,0.31851328014843006,0.31851328014843006,GradientBoosting,LOO,noise
40,39.68148671985157,0.31851328014843006,0.31851328014843006,GradientBoosting,LOO,noise
40,39.68148671985157,0.31851328014843006,0.31851328014843006,GradientBoosting,LOO,noise
40,39.68148671985157,0.31851328014843006,0.31851328014843006,GradientBoosting,LOO,noise
40,39.68148671985157,0.31851328014843006,0.31851328014843006,GradientBoosting,LOO,noise
50,42.8619877187194,7.138012281280602,7.138012281280602,GradientBoosting,LOO,noise
50,49.20365072299711,0.7963492770028893,0.7963492770028893,GradientBoosting,LOO,noise
50,49.20365072299711,0.7963492770028893,0.7963492770028893,GradientBoosting,LOO,noise
50,49.20365072299711,0.7963492770028893,0.7963492770028893,GradientBoosting,LOO,noise
50,49.20365072299711,0.7963492770028893,0.7963492770028893,GradientBoosting,LOO,noise
0,10.620864779789285,-10.620864779789285,10.620864779789285,GradientBoosting,LOWO,noise
10,12.625571433268794,-2.625571433268794,2.625571433268794,GradientBoosting,LOWO,noise
10,14.68761526650581,-4.68761526650581,4.68761526650581,GradientBoosting,LOWO,noise
10,17.319012376809273,-7.3190123768092725,7.3190123768092725,GradientBoosting,LOWO,noise
10,18.762337409179477,-8.762337409179477,8.762337409179477,GradientBoosting,LOWO,noise
10,22.9672084270735,-12.967208427073501,12.967208427073501,GradientBoosting,LOWO,noise
20,7.499177853452441,12.50082214654756,12.50082214654756,GradientBoosting,LOWO,noise
20,10.062190423888351,9.937809576111649,9.937809576111649,GradientBoosting,LOWO,noise
20,14.049391462904746,5.950608537095254,5.950608537095254,GradientBoosting,LOWO,noise
20,8.29450925348901,11.70549074651099,11.70549074651099,GradientBoosting,LOWO,noise
20,23.813315044346687,-3.8133150443466874,3.8133150443466874,GradientBoosting,LOWO,noise
30,21.689582380461417,8.310417619538583,8.310417619538583,GradientBoosting,LOWO,noise
30,27.265850864980333,2.734149135019667,2.734149135019667,GradientBoosting,LOWO,noise
30,28.762462343881282,1.2375376561187181,1.2375376561187181,GradientBoosting,LOWO,noise
30,21.689582380461417,8.310417619538583,8.310417619538583,GradientBoosting,LOWO,noise
30,28.762462343881282,1.2375376561187181,1.2375376561187181,GradientBoosting,LOWO,noise
40,45.056193568784764,-5.056193568784764,5.056193568784764,GradientBoosting,LOWO,noise
40,45.056193568784764,-5.056193568784764,5.056193568784764,GradientBoosting,LOWO,noise
40,45.056193568784764,-5.056193568784764,5.056193568784764,GradientBoosting,LOWO,noise
40,45.056193568784764,-5.056193568784764,5.056193568784764,GradientBoosting,LOWO,noise
40,40.236200873181204,-0.23620087318120397,0.23620087318120397,GradientBoosting,LOWO,noise
50,31.968317098866113,18.031682901133887,18.031682901133887,GradientBoosting,LOWO,noise
50,39.51077569179204,10.489224308207959,10.489224308207959,GradientBoosting,LOWO,noise
50,39.51077569179204,10.489224308207959,10.489224308207959,GradientBoosting,LOWO,noise
50,39.29535831887571,10.704641681124293,10.704641681124293,GradientBoosting,LOWO,noise
50,39.51077569179204,10.489224308207959,10.489224308207959,GradientBoosting,LOWO,noise
0,15.624272138256583,-15.624272138256583,15.624272138256583,CatBoost,LOO,noise
10,14.964503578210243,-4.964503578210243,4.964503578210243,CatBoost,LOO,noise
10,12.67688070879747,-2.6768807087974693,2.6768807087974693,CatBoost,LOO,noise
10,14.028643707284283,-4.028643707284283,4.028643707284283,CatBoost,LOO,noise
10,22.250859841246687,-12.250859841246687,12.250859841246687,CatBoost,LOO,noise
10,16.771746152474414,-6.771746152474414,6.771746152474414,CatBoost,LOO,noise
20,13.269194213784422,6.730805786215578,6.730805786215578,CatBoost,LOO,noise
20,14.399656994411226,5.600343005588774,5.600343005588774,CatBoost,LOO,noise
20,28.855262223523997,-8.855262223523997,8.855262223523997,CatBoost,LOO,noise
20,11.085025339367448,8.914974660632552,8.914974660632552,CatBoost,LOO,noise
20,29.719139978746245,-9.719139978746245,9.719139978746245,CatBoost,LOO,noise
30,26.287526071203327,3.7124739287966726,3.7124739287966726,CatBoost,LOO,noise
30,32.62867365941016,-2.628673659410161,2.628673659410161,CatBoost,LOO,noise
30,31.849882890775728,-1.8498828907757279,1.8498828907757279,CatBoost,LOO,noise
30,22.948507687356415,7.051492312643585,7.051492312643585,CatBoost,LOO,noise
30,38.381026027625296,-8.381026027625296,8.381026027625296,CatBoost,LOO,noise
40,40.930977449183324,-0.9309774491833238,0.9309774491833238,CatBoost,LOO,noise
40,37.99905846569046,2.00094153430954,2.00094153430954,CatBoost,LOO,noise
40,40.52573272775179,-0.5257327277517874,0.5257327277517874,CatBoost,LOO,noise
40,41.97722088441584,-1.9772208844158428,1.9772208844158428,CatBoost,LOO,noise
40,39.11595230029486,0.8840476997051425,0.8840476997051425,CatBoost,LOO,noise
50,40.043450708650354,9.956549291349646,9.956549291349646,CatBoost,LOO,noise
50,40.354995028169576,9.645004971830424,9.645004971830424,CatBoost,LOO,noise
50,43.43294977106621,6.5670502289337875,6.5670502289337875,CatBoost,LOO,noise
50,40.37051582185329,9.629484178146711,9.629484178146711,CatBoost,LOO,noise
50,41.838280115905846,8.161719884094154,8.161719884094154,CatBoost,LOO,noise
0,16.023983190410767,-16.023983190410767,16.023983190410767,CatBoost,LOWO,noise
10,21.21299188726048,-11.212991887260479,11.212991887260479,CatBoost,LOWO,noise
10,19.743661955227722,-9.743661955227722,9.743661955227722,CatBoost,LOWO,noise
10,21.993040261982156,-11.993040261982156,11.993040261982156,CatBoost,LOWO,noise
10,25.596094875368273,-15.596094875368273,15.596094875368273,CatBoost,LOWO,noise
10,19.712265040145148,-9.712265040145148,9.712265040145148,CatBoost,LOWO,noise
20,10.699563014755054,9.300436985244946,9.300436985244946,CatBoost,LOWO,noise
20,15.226362711021281,4.773637288978719,4.773637288978719,CatBoost,LOWO,noise
20,23.52005683531211,-3.5200568353121113,3.5200568353121113,CatBoost,LOWO,noise
20,12.306909871178942,7.6930901288210585,7.6930901288210585,CatBoost,LOWO,noise
20,26.85691643404938,-6.856916434049381,6.856916434049381,CatBoost,LOWO,noise
30,25.89424440764503,4.105755592354971,4.105755592354971,CatBoost,LOWO,noise
30,34.83047124206695,-4.830471242066949,4.830471242066949,CatBoost,LOWO,noise
30,34.69038967454728,-4.6903896745472835,4.6903896745472835,CatBoost,LOWO,noise
30,24.116666194894776,5.883333805105224,5.883333805105224,CatBoost,LOWO,noise
30,38.3904931885774,-8.390493188577402,8.390493188577402,CatBoost,LOWO,noise
40,40.14021079145514,-0.14021079145513937,0.14021079145513937,CatBoost,LOWO,noise
40,41.78043017041273,-1.7804301704127283,1.7804301704127283,CatBoost,LOWO,noise
40,40.8252986225761,-0.8252986225760992,0.8252986225760992,CatBoost,LOWO,noise
40,44.131518764192506,-4.131518764192506,4.131518764192506,CatBoost,LOWO,noise
40,42.10893669073893,-2.108936690738929,2.108936690738929,CatBoost,LOWO,noise
50,34.16032526110654,15.839674738893457,15.839674738893457,CatBoost,LOWO,noise
50,34.64482873635054,15.35517126364946,15.35517126364946,CatBoost,LOWO,noise
50,36.66088372831419,13.33911627168581,13.33911627168581,CatBoost,LOWO,noise
50,28.151329244106044,21.848670755893956,21.848670755893956,CatBoost,LOWO,noise
50,33.15230030638321,16.84769969361679,16.84769969361679,CatBoost,LOWO,noise
0,13.291230572133593,-13.291230572133593,13.291230572133593,Ridge,LOO,mixup
10,4.920702565769314,5.079297434230686,5.079297434230686,Ridge,LOO,mixup
10,0.5223794553761074,9.477620544623893,9.477620544623893,Ridge,LOO,mixup
10,9.11516900778015,0.8848309922198503,0.8848309922198503,Ridge,LOO,mixup
10,23.576481446774167,-13.576481446774167,13.576481446774167,Ridge,LOO,mixup
10,24.891314615928398,-14.891314615928398,14.891314615928398,Ridge,LOO,mixup
20,15.178853471517161,4.8211465284828385,4.8211465284828385,Ridge,LOO,mixup
20,22.760200020377006,-2.760200020377006,2.760200020377006,Ridge,LOO,mixup
20,27.24229899947084,-7.24229899947084,7.24229899947084,Ridge,LOO,mixup
20,76.54143131322047,-56.54143131322047,56.54143131322047,Ridge,LOO,mixup
20,26.542366298455452,-6.542366298455452,6.542366298455452,Ridge,LOO,mixup
30,27.193037901366004,2.8069620986339956,2.8069620986339956,Ridge,LOO,mixup
30,23.05239968641382,6.947600313586179,6.947600313586179,Ridge,LOO,mixup
30,35.35051691506714,-5.350516915067139,5.350516915067139,Ridge,LOO,mixup
30,22.241038834739598,7.758961165260402,7.758961165260402,Ridge,LOO,mixup
30,41.78543563667941,-11.78543563667941,11.78543563667941,Ridge,LOO,mixup
40,48.93248995593429,-8.932489955934287,8.932489955934287,Ridge,LOO,mixup
40,42.381107791303755,-2.381107791303755,2.381107791303755,Ridge,LOO,mixup
40,36.66494777135883,3.3350522286411675,3.3350522286411675,Ridge,LOO,mixup
40,41.64382563564605,-1.6438256356460528,1.6438256356460528,Ridge,LOO,mixup
40,35.28672998963337,4.713270010366628,4.713270010366628,Ridge,LOO,mixup
50,37.976793158876106,12.023206841123894,12.023206841123894,Ridge,LOO,mixup
50,46.38973170079373,3.6102682992062682,3.6102682992062682,Ridge,LOO,mixup
50,52.13675865059359,-2.136758650593592,2.136758650593592,Ridge,LOO,mixup
50,40.09093638160864,9.909063618391357,9.909063618391357,Ridge,LOO,mixup
50,49.786977613545034,0.2130223864549663,0.2130223864549663,Ridge,LOO,mixup
0,12.637336925673637,-12.637336925673637,12.637336925673637,Ridge,LOWO,mixup
10,1.4762340290135896,8.52376597098641,8.52376597098641,Ridge,LOWO,mixup
10,2.5199281748237823,7.480071825176218,7.480071825176218,Ridge,LOWO,mixup
10,11.17985789146135,-1.1798578914613493,1.1798578914613493,Ridge,LOWO,mixup
10,17.863309264366737,-7.8633092643667375,7.8633092643667375,Ridge,LOWO,mixup
10,20.634052531722773,-10.634052531722773,10.634052531722773,Ridge,LOWO,mixup
20,17.579324184260102,2.420675815739898,2.420675815739898,Ridge,LOWO,mixup
20,25.07034491098718,-5.070344910987181,5.070344910987181,Ridge,LOWO,mixup
20,30.590079141557013,-10.590079141557013,10.590079141557013,Ridge,LOWO,mixup
20,43.68633424201107,-23.68633424201107,23.68633424201107,Ridge,LOWO,mixup
20,26.687877714218594,-6.687877714218594,6.687877714218594,Ridge,LOWO,mixup
30,24.261896037306734,5.738103962693266,5.738103962693266,Ridge,LOWO,mixup
30,26.50843821375443,3.491561786245569,3.491561786245569,Ridge,LOWO,mixup
30,32.436453655084726,-2.436453655084726,2.436453655084726,Ridge,LOWO,mixup
30,26.592031729587482,3.4079682704125176,3.4079682704125176,Ridge,LOWO,mixup
30,43.60796125394516,-13.607961253945163,13.607961253945163,Ridge,LOWO,mixup
40,51.99575309708224,-11.995753097082243,11.995753097082243,Ridge,LOWO,mixup
40,42.39383655504329,-2.3938365550432934,2.3938365550432934,Ridge,LOWO,mixup
40,38.73154429038311,1.2684557096168874,1.2684557096168874,Ridge,LOWO,mixup
40,45.195645814819784,-5.195645814819784,5.195645814819784,Ridge,LOWO,mixup
40,34.34922450737363,5.650775492626373,5.650775492626373,Ridge,LOWO,mixup
50,36.39351838348559,13.606481616514408,13.606481616514408,Ridge,LOWO,mixup
50,43.82103511496647,6.17896488503353,6.17896488503353,Ridge,LOWO,mixup
50,42.47767211210397,7.522327887896033,7.522327887896033,Ridge,LOWO,mixup
50,37.33214094815682,12.66785905184318,12.66785905184318,Ridge,LOWO,mixup
50,39.56647352574188,10.433526474258123,10.433526474258123,Ridge,LOWO,mixup
0,20.546811772841213,-20.546811772841213,20.546811772841213,SVR_RBF,LOO,mixup
10,18.453286262471487,-8.453286262471487,8.453286262471487,SVR_RBF,LOO,mixup
10,15.186155096563574,-5.186155096563574,5.186155096563574,SVR_RBF,LOO,mixup
10,14.916752699790756,-4.916752699790756,4.916752699790756,SVR_RBF,LOO,mixup
10,30.631330263042805,-20.631330263042805,20.631330263042805,SVR_RBF,LOO,mixup
10,24.341620571153243,-14.341620571153243,14.341620571153243,SVR_RBF,LOO,mixup
20,20.52999143499803,-0.5299914349980313,0.5299914349980313,SVR_RBF,LOO,mixup
20,23.028187530613085,-3.028187530613085,3.028187530613085,SVR_RBF,LOO,mixup
20,30.14192638476851,-10.14192638476851,10.14192638476851,SVR_RBF,LOO,mixup
20,26.874835127258493,-6.874835127258493,6.874835127258493,SVR_RBF,LOO,mixup
20,28.440287874875374,-8.440287874875374,8.440287874875374,SVR_RBF,LOO,mixup
30,28.94217184417545,1.0578281558245486,1.0578281558245486,SVR_RBF,LOO,mixup
30,29.00608500868497,0.9939149913150302,0.9939149913150302,SVR_RBF,LOO,mixup
30,32.23085692856142,-2.2308569285614226,2.2308569285614226,SVR_RBF,LOO,mixup
30,24.871840691099173,5.128159308900827,5.128159308900827,SVR_RBF,LOO,mixup
30,41.94723182991424,-11.947231829914237,11.947231829914237,SVR_RBF,LOO,mixup
40,37.990746125000015,2.0092538749999846,2.0092538749999846,SVR_RBF,LOO,mixup
40,41.6110060214579,-1.6110060214578965,1.6110060214578965,SVR_RBF,LOO,mixup
40,33.95189202088725,6.04810797911275,6.04810797911275,SVR_RBF,LOO,mixup
40,38.73844796551085,1.2615520344891493,1.2615520344891493,SVR_RBF,LOO,mixup
40,32.34156533747613,7.658434662523867,7.658434662523867,SVR_RBF,LOO,mixup
50,34.46310476600443,15.536895233995573,15.536895233995573,SVR_RBF,LOO,mixup
50,33.856334910237564,16.143665089762436,16.143665089762436,SVR_RBF,LOO,mixup
50,32.83756732398591,17.16243267601409,17.16243267601409,SVR_RBF,LOO,mixup
50,30.180145622727863,19.819854377272137,19.819854377272137,SVR_RBF,LOO,mixup
50,29.52666266611332,20.47333733388668,20.47333733388668,SVR_RBF,LOO,mixup
0,19.602044854686163,-19.602044854686163,19.602044854686163,SVR_RBF,LOWO,mixup
10,23.912609300267363,-13.912609300267363,13.912609300267363,SVR_RBF,LOWO,mixup
10,24.704327842883227,-14.704327842883227,14.704327842883227,SVR_RBF,LOWO,mixup
10,21.673614997070707,-11.673614997070707,11.673614997070707,SVR_RBF,LOWO,mixup
10,32.27357174074352,-22.27357174074352,22.27357174074352,SVR_RBF,LOWO,mixup
10,26.126338020163587,-16.126338020163587,16.126338020163587,SVR_RBF,LOWO,mixup
20,21.783453021048224,-1.7834530210482242,1.7834530210482242,SVR_RBF,LOWO,mixup
20,26.330651645617912,-6.3306516456179125,6.3306516456179125,SVR_RBF,LOWO,mixup
20,31.055196594673003,-11.055196594673003,11.055196594673003,SVR_RBF,LOWO,mixup
20,28.764089273980122,-8.764089273980122,8.764089273980122,SVR_RBF,LOWO,mixup
20,26.40558203778811,-6.405582037788111,6.405582037788111,SVR_RBF,LOWO,mixup
30,29.78156222624618,0.2184377737538199,0.2184377737538199,SVR_RBF,LOWO,mixup
30,32.34034269106333,-2.340342691063327,2.340342691063327,SVR_RBF,LOWO,mixup
30,35.99606914202897,-5.996069142028972,5.996069142028972,SVR_RBF,LOWO,mixup
30,25.358646766328604,4.641353233671396,4.641353233671396,SVR_RBF,LOWO,mixup
30,42.31202826782737,-12.312028267827372,12.312028267827372,SVR_RBF,LOWO,mixup
40,42.95667132575328,-2.956671325753277,2.956671325753277,SVR_RBF,LOWO,mixup
40,40.69883211287961,-0.6988321128796073,0.6988321128796073,SVR_RBF,LOWO,mixup
40,34.778674555362954,5.221325444637046,5.221325444637046,SVR_RBF,LOWO,mixup
40,40.216963680616495,-0.21696368061649451,0.21696368061649451,SVR_RBF,LOWO,mixup
40,33.444631351971076,6.555368648028924,6.555368648028924,SVR_RBF,LOWO,mixup
50,33.37879350426378,16.621206495736217,16.621206495736217,SVR_RBF,LOWO,mixup
50,33.054283375289366,16.945716624710634,16.945716624710634,SVR_RBF,LOWO,mixup
50,32.354643743784095,17.645356256215905,17.645356256215905,SVR_RBF,LOWO,mixup
50,23.937503183286935,26.062496816713065,26.062496816713065,SVR_RBF,LOWO,mixup
50,23.504305616968686,26.495694383031314,26.495694383031314,SVR_RBF,LOWO,mixup
0,12.0,-12.0,12.0,RandomForest,LOO,mixup
10,10.4,-0.40000000000000036,0.40000000000000036,RandomForest,LOO,mixup
10,8.575,1.4250000000000007,1.4250000000000007,RandomForest,LOO,mixup
10,10.125,-0.125,0.125,RandomForest,LOO,mixup
10,11.075,-1.0749999999999993,1.0749999999999993,RandomForest,LOO,mixup
10,11.25,-1.25,1.25,RandomForest,LOO,mixup
20,19.95,0.05000000000000071,0.05000000000000071,RandomForest,LOO,mixup
20,16.95,3.0500000000000007,3.0500000000000007,RandomForest,LOO,mixup
20,24.3,-4.300000000000001,4.300000000000001,RandomForest,LOO,mixup
20,17.7,2.3000000000000007,2.3000000000000007,RandomForest,LOO,mixup
20,23.825,-3.8249999999999993,3.8249999999999993,RandomForest,LOO,mixup
30,30.15,-0.14999999999999858,0.14999999999999858,RandomForest,LOO,mixup
30,29.65,0.3500000000000014,0.3500000000000014,RandomForest,LOO,mixup
30,29.725,0.2749999999999986,0.2749999999999986,RandomForest,LOO,mixup
30,26.125,3.875,3.875,RandomForest,LOO,mixup
30,31.325,-1.3249999999999993,1.3249999999999993,RandomForest,LOO,mixup
40,39.8,0.20000000000000284,0.20000000000000284,RandomForest,LOO,mixup
40,38.625,1.375,1.375,RandomForest,LOO,mixup
40,39.2,0.7999999999999972,0.7999999999999972,RandomForest,LOO,mixup
40,39.625,0.375,0.375,RandomForest,LOO,mixup
40,40.625,-0.625,0.625,RandomForest,LOO,mixup
50,43.55,6.450000000000003,6.450000000000003,RandomForest,LOO,mixup
50,49.6,0.3999999999999986,0.3999999999999986,RandomForest,LOO,mixup
50,49.875,0.125,0.125,RandomForest,LOO,mixup
50,49.5,0.5,0.5,RandomForest,LOO,mixup
50,50.0,0.0,0.0,RandomForest,LOO,mixup
0,10.675,-10.675,10.675,RandomForest,LOWO,mixup
10,19.6,-9.600000000000001,9.600000000000001,RandomForest,LOWO,mixup
10,15.575,-5.574999999999999,5.574999999999999,RandomForest,LOWO,mixup
10,19.575,-9.575,9.575,RandomForest,LOWO,mixup
10,26.4,-16.4,16.4,RandomForest,LOWO,mixup
10,18.15,-8.149999999999999,8.149999999999999,RandomForest,LOWO,mixup
20,9.875,10.125,10.125,RandomForest,LOWO,mixup
20,11.25,8.75,8.75,RandomForest,LOWO,mixup
20,19.925,0.07499999999999929,0.07499999999999929,RandomForest,LOWO,mixup
20,8.1,11.9,11.9,RandomForest,LOWO,mixup
20,23.375,-3.375,3.375,RandomForest,LOWO,mixup
30,28.3,1.6999999999999993,1.6999999999999993,RandomForest,LOWO,mixup
30,33.325,-3.325000000000003,3.325000000000003,RandomForest,LOWO,mixup
30,33.625,-3.625,3.625,RandomForest,LOWO,mixup
30,23.7,6.300000000000001,6.300000000000001,RandomForest,LOWO,mixup
30,33.625,-3.625,3.625,RandomForest,LOWO,mixup
40,41.5,-1.5,1.5,RandomForest,LOWO,mixup
40,42.65,-2.6499999999999986,2.6499999999999986,RandomForest,LOWO,mixup
40,43.425,-3.424999999999997,3.424999999999997,RandomForest,LOWO,mixup
40,43.025,-3.0249999999999986,3.0249999999999986,RandomForest,LOWO,mixup
40,41.4,-1.3999999999999986,1.3999999999999986,RandomForest,LOWO,mixup
50,33.875,16.125,16.125,RandomForest,LOWO,mixup
50,39.8,10.200000000000003,10.200000000000003,RandomForest,LOWO,mixup
50,40.0,10.0,10.0,RandomForest,LOWO,mixup
50,39.6,10.399999999999999,10.399999999999999,RandomForest,LOWO,mixup
50,39.825,10.174999999999997,10.174999999999997,RandomForest,LOWO,mixup
0,10.620864269707843,-10.620864269707843,10.620864269707843,GradientBoosting,LOO,mixup
10,10.78279759001584,-0.7827975900158393,0.7827975900158393,GradientBoosting,LOO,mixup
10,8.393901647220245,1.606098352779755,1.606098352779755,GradientBoosting,LOO,mixup
10,10.69423014297053,-0.6942301429705307,0.6942301429705307,GradientBoosting,LOO,mixup
10,10.464379359934371,-0.4643793599343713,0.4643793599343713,GradientBoosting,LOO,mixup
10,10.559945503198275,-0.559945503198275,0.559945503198275,GradientBoosting,LOO,mixup
20,18.492341585753273,1.5076584142467269,1.5076584142467269,GradientBoosting,LOO,mixup
20,14.962766471338544,5.0372335286614565,5.0372335286614565,GradientBoosting,LOO,mixup
20,17.909715589635532,2.090284410364468,2.090284410364468,GradientBoosting,LOO,mixup
20,16.794663777903647,3.205336222096353,3.205336222096353,GradientBoosting,LOO,mixup
20,19.010679767812196,0.9893202321878043,0.9893202321878043,GradientBoosting,LOO,mixup
30,29.997024496486517,0.0029755035134826358,0.0029755035134826358,GradientBoosting,LOO,mixup
30,29.997024496486517,0.0029755035134826358,0.0029755035134826358,GradientBoosting,LOO,mixup
30,29.997024496486517,0.0029755035134826358,0.0029755035134826358,GradientBoosting,LOO,mixup
30,28.21506776112705,1.7849322388729512,1.7849322388729512,GradientBoosting,LOO,mixup
30,29.997024496486517,0.0029755035134826358,0.0029755035134826358,GradientBoosting,LOO,mixup
40,39.70821937758353,0.29178062241646785,0.29178062241646785,GradientBoosting,LOO,mixup
40,39.70127677286345,0.29872322713654853,0.29872322713654853,GradientBoosting,LOO,mixup
40,39.70821937758353,0.29178062241646785,0.29178062241646785,GradientBoosting,LOO,mixup
40,39.70821937758353,0.29178062241646785,0.29178062241646785,GradientBoosting,LOO,mixup
40,39.70127677286345,0.29872322713654853,0.29872322713654853,GradientBoosting,LOO,mixup
50,44.34362634575955,5.656373654240447,5.656373654240447,GradientBoosting,LOO,mixup
50,49.3276431478409,0.6723568521590977,0.6723568521590977,GradientBoosting,LOO,mixup
50,49.3276431478409,0.6723568521590977,0.6723568521590977,GradientBoosting,LOO,mixup
50,49.3276431478409,0.6723568521590977,0.6723568521590977,GradientBoosting,LOO,mixup
50,49.3276431478409,0.6723568521590977,0.6723568521590977,GradientBoosting,LOO,mixup
0,10.620864269707843,-10.620864269707843,10.620864269707843,GradientBoosting,LOWO,mixup
10,15.344323450853487,-5.344323450853487,5.344323450853487,GradientBoosting,LOWO,mixup
10,14.023335930204219,-4.023335930204219,4.023335930204219,GradientBoosting,LOWO,mixup
10,19.52312120277242,-9.523121202772419,9.523121202772419,GradientBoosting,LOWO,mixup
10,23.81347962884053,-13.813479628840529,13.813479628840529,GradientBoosting,LOWO,mixup
10,20.916510555733648,-10.916510555733648,10.916510555733648,GradientBoosting,LOWO,mixup
20,8.635121168995381,11.364878831004619,11.364878831004619,GradientBoosting,LOWO,mixup
20,12.008960081637262,7.991039918362738,7.991039918362738,GradientBoosting,LOWO,mixup
20,11.543399013678059,8.456600986321941,8.456600986321941,GradientBoosting,LOWO,mixup
20,7.827205572748463,12.172794427251537,12.172794427251537,GradientBoosting,LOWO,mixup
20,17.830743019225306,2.169256980774694,2.169256980774694,GradientBoosting,LOWO,mixup
30,23.93970323331772,6.060296766682281,6.060296766682281,GradientBoosting,LOWO,mixup
30,26.00727537499727,3.9927246250027295,3.9927246250027295,GradientBoosting,LOWO,mixup
30,26.88201560630527,3.11798439369473,3.11798439369473,GradientBoosting,LOWO,mixup
30,22.67579172782879,7.324208272171209,7.324208272171209,GradientBoosting,LOWO,mixup
30,26.800974363891328,3.199025636108672,3.199025636108672,GradientBoosting,LOWO,mixup
40,45.38739904313394,-5.387399043133939,5.387399043133939,GradientBoosting,LOWO,mixup
40,45.38739904313394,-5.387399043133939,5.387399043133939,GradientBoosting,LOWO,mixup
40,45.38739904313394,-5.387399043133939,5.387399043133939,GradientBoosting,LOWO,mixup
40,45.38739904313394,-5.387399043133939,5.387399043133939,GradientBoosting,LOWO,mixup
40,41.448309134207456,-1.4483091342074559,1.4483091342074559,GradientBoosting,LOWO,mixup
50,34.215724921976104,15.784275078023896,15.784275078023896,GradientBoosting,LOWO,mixup
50,39.56494484440788,10.435055155592117,10.435055155592117,GradientBoosting,LOWO,mixup
50,39.56494484440788,10.435055155592117,10.435055155592117,GradientBoosting,LOWO,mixup
50,39.537484286621954,10.462515713378046,10.462515713378046,GradientBoosting,LOWO,mixup
50,39.56494484440788,10.435055155592117,10.435055155592117,GradientBoosting,LOWO,mixup
0,16.549183864827874,-16.549183864827874,16.549183864827874,CatBoost,LOO,mixup
10,16.06700573204217,-6.067005732042169,6.067005732042169,CatBoost,LOO,mixup
10,12.20762829553663,-2.2076282955366295,2.2076282955366295,CatBoost,LOO,mixup
10,13.017157724192003,-3.0171577241920033,3.0171577241920033,CatBoost,LOO,mixup
10,21.27201230479718,-11.27201230479718,11.27201230479718,CatBoost,LOO,mixup
10,19.510011380194193,-9.510011380194193,9.510011380194193,CatBoost,LOO,mixup
20,13.668084259455778,6.331915740544222,6.331915740544222,CatBoost,LOO,mixup
20,16.19794873309779,3.802051266902211,3.802051266902211,CatBoost,LOO,mixup
20,27.68967732184587,-7.6896773218458705,7.6896773218458705,CatBoost,LOO,mixup
20,14.130661836816756,5.869338163183244,5.869338163183244,CatBoost,LOO,mixup
20,27.893739951125944,-7.893739951125944,7.893739951125944,CatBoost,LOO,mixup
30,25.537306989831446,4.462693010168554,4.462693010168554,CatBoost,LOO,mixup
30,31.33377406260152,-1.3337740626015204,1.3337740626015204,CatBoost,LOO,mixup
30,33.62475923253153,-3.624759232531531,3.624759232531531,CatBoost,LOO,mixup
30,25.248742353595087,4.7512576464049125,4.7512576464049125,CatBoost,LOO,mixup
30,38.72601632683215,-8.726016326832152,8.726016326832152,CatBoost,LOO,mixup
40,37.57243025260768,2.427569747392319,2.427569747392319,CatBoost,LOO,mixup
40,35.418794666220066,4.581205333779934,4.581205333779934,CatBoost,LOO,mixup
40,39.654700884862464,0.34529911513753575,0.34529911513753575,CatBoost,LOO,mixup
40,40.73290326388832,-0.7329032638883177,0.7329032638883177,CatBoost,LOO,mixup
40,38.48936872647883,1.5106312735211702,1.5106312735211702,CatBoost,LOO,mixup
50,37.963731625383154,12.036268374616846,12.036268374616846,CatBoost,LOO,mixup
50,38.963468941193696,11.036531058806304,11.036531058806304,CatBoost,LOO,mixup
50,43.086779762392645,6.913220237607355,6.913220237607355,CatBoost,LOO,mixup
50,41.20821690059102,8.791783099408981,8.791783099408981,CatBoost,LOO,mixup
50,44.04530229599784,5.954697704002157,5.954697704002157,CatBoost,LOO,mixup
0,16.580244416955715,-16.580244416955715,16.580244416955715,CatBoost,LOWO,mixup
10,19.768050123944448,-9.768050123944448,9.768050123944448,CatBoost,LOWO,mixup
10,17.74445555182148,-7.744455551821481,7.744455551821481,CatBoost,LOWO,mixup
10,20.419378718054567,-10.419378718054567,10.419378718054567,CatBoost,LOWO,mixup
10,25.3393099486484,-15.339309948648399,15.339309948648399,CatBoost,LOWO,mixup
10,21.20220828181193,-11.20220828181193,11.20220828181193,CatBoost,LOWO,mixup
20,12.289302867838266,7.710697132161734,7.710697132161734,CatBoost,LOWO,mixup
20,15.115245313645737,4.884754686354263,4.884754686354263,CatBoost,LOWO,mixup
20,24.268535478185996,-4.268535478185996,4.268535478185996,CatBoost,LOWO,mixup
20,11.241703610885295,8.758296389114705,8.758296389114705,CatBoost,LOWO,mixup
20,25.743831961367793,-5.743831961367793,5.743831961367793,CatBoost,LOWO,mixup
30,28.676935506345593,1.3230644936544067,1.3230644936544067,CatBoost,LOWO,mixup
30,37.78442642782703,-7.784426427827029,7.784426427827029,CatBoost,LOWO,mixup
30,39.67872000268791,-9.67872000268791,9.67872000268791,CatBoost,LOWO,mixup
30,23.414801435776045,6.585198564223955,6.585198564223955,CatBoost,LOWO,mixup
30,39.7809158800084,-9.7809158800084,9.7809158800084,CatBoost,LOWO,mixup
40,40.56212933460992,-0.5621293346099208,0.5621293346099208,CatBoost,LOWO,mixup
40,40.809170526140576,-0.8091705261405764,0.8091705261405764,CatBoost,LOWO,mixup
40,40.62440614435076,-0.6244061443507576,0.6244061443507576,CatBoost,LOWO,mixup
40,43.34671775653422,-3.3467177565342183,3.3467177565342183,CatBoost,LOWO,mixup
40,39.753679116160505,0.2463208838394948,0.2463208838394948,CatBoost,LOWO,mixup
50,33.6451587848198,16.3548412151802,16.3548412151802,CatBoost,LOWO,mixup
50,34.73285172206151,15.267148277938489,15.267148277938489,CatBoost,LOWO,mixup
50,38.087867183447365,11.912132816552635,11.912132816552635,CatBoost,LOWO,mixup
50,32.634821068406666,17.365178931593334,17.365178931593334,CatBoost,LOWO,mixup
50,32.89932747377918,17.10067252622082,17.10067252622082,CatBoost,LOWO,mixup
0,12.870333283528087,-12.870333283528087,12.870333283528087,Ridge,LOO,noise_plus_mixup
10,5.068665469717402,4.931334530282598,4.931334530282598,Ridge,LOO,noise_plus_mixup
10,0.7206033149040145,9.279396685095985,9.279396685095985,Ridge,LOO,noise_plus_mixup
10,8.948925601716248,1.0510743982837525,1.0510743982837525,Ridge,LOO,noise_plus_mixup
10,23.884074380071308,-13.884074380071308,13.884074380071308,Ridge,LOO,noise_plus_mixup
10,24.580665055594118,-14.580665055594118,14.580665055594118,Ridge,LOO,noise_plus_mixup
20,15.182824316193942,4.817175683806058,4.817175683806058,Ridge,LOO,noise_plus_mixup
20,25.00109214084032,-5.001092140840321,5.001092140840321,Ridge,LOO,noise_plus_mixup
20,26.416116424816646,-6.4161164248166465,6.4161164248166465,Ridge,LOO,noise_plus_mixup
20,79.10020241871524,-59.10020241871524,59.10020241871524,Ridge,LOO,noise_plus_mixup
20,26.705584933953187,-6.705584933953187,6.705584933953187,Ridge,LOO,noise_plus_mixup
30,27.260126584436136,2.7398734155638635,2.7398734155638635,Ridge,LOO,noise_plus_mixup
30,23.451456403398172,6.548543596601828,6.548543596601828,Ridge,LOO,noise_plus_mixup
30,36.17845717707968,-6.178457177079679,6.178457177079679,Ridge,LOO,noise_plus_mixup
30,22.698301119333653,7.301698880666347,7.301698880666347,Ridge,LOO,noise_plus_mixup
30,42.86204542764329,-12.862045427643288,12.862045427643288,Ridge,LOO,noise_plus_mixup
40,48.7317407395596,-8.731740739559598,8.731740739559598,Ridge,LOO,noise_plus_mixup
40,42.508900037972296,-2.508900037972296,2.508900037972296,Ridge,LOO,noise_plus_mixup
40,36.34117735883195,3.658822641168051,3.658822641168051,Ridge,LOO,noise_plus_mixup
40,42.421876820041895,-2.421876820041895,2.421876820041895,Ridge,LOO,noise_plus_mixup
40,35.31697529602237,4.68302470397763,4.68302470397763,Ridge,LOO,noise_plus_mixup
50,37.23475756711705,12.76524243288295,12.76524243288295,Ridge,LOO,noise_plus_mixup
50,45.749581386952116,4.250418613047884,4.250418613047884,Ridge,LOO,noise_plus_mixup
50,52.49755225987519,-2.4975522598751922,2.4975522598751922,Ridge,LOO,noise_plus_mixup
50,40.234264400521425,9.765735599478575,9.765735599478575,Ridge,LOO,noise_plus_mixup
50,49.29874908188247,0.7012509181175304,0.7012509181175304,Ridge,LOO,noise_plus_mixup
0,12.781396244385153,-12.781396244385153,12.781396244385153,Ridge,LOWO,noise_plus_mixup
10,0.9135804748572056,9.086419525142794,9.086419525142794,Ridge,LOWO,noise_plus_mixup
10,3.3493685232258272,6.650631476774173,6.650631476774173,Ridge,LOWO,noise_plus_mixup
10,10.860091161229267,-0.860091161229267,0.860091161229267,Ridge,LOWO,noise_plus_mixup
10,17.965889169041112,-7.965889169041112,7.965889169041112,Ridge,LOWO,noise_plus_mixup
10,20.224840085785857,-10.224840085785857,10.224840085785857,Ridge,LOWO,noise_plus_mixup
20,17.665672887871633,2.334327112128367,2.334327112128367,Ridge,LOWO,noise_plus_mixup
20,26.01071378157447,-6.01071378157447,6.01071378157447,Ridge,LOWO,noise_plus_mixup
20,30.54512686266879,-10.545126862668791,10.545126862668791,Ridge,LOWO,noise_plus_mixup
20,36.777007625502684,-16.777007625502684,16.777007625502684,Ridge,LOWO,noise_plus_mixup
20,28.221680341343134,-8.221680341343134,8.221680341343134,Ridge,LOWO,noise_plus_mixup
30,24.206395162279435,5.793604837720565,5.793604837720565,Ridge,LOWO,noise_plus_mixup
30,26.358826801815162,3.6411731981848376,3.6411731981848376,Ridge,LOWO,noise_plus_mixup
30,32.77775062340084,-2.7777506234008413,2.7777506234008413,Ridge,LOWO,noise_plus_mixup
30,27.13698899470689,2.86301100529311,2.86301100529311,Ridge,LOWO,noise_plus_mixup
30,45.604061058830546,-15.604061058830546,15.604061058830546,Ridge,LOWO,noise_plus_mixup
40,52.55324964911711,-12.553249649117113,12.553249649117113,Ridge,LOWO,noise_plus_mixup
40,42.76630125790466,-2.766301257904658,2.766301257904658,Ridge,LOWO,noise_plus_mixup
40,38.49801798372566,1.50198201627434,1.50198201627434,Ridge,LOWO,noise_plus_mixup
40,45.30843711693318,-5.308437116933177,5.308437116933177,Ridge,LOWO,noise_plus_mixup
40,34.74871701181321,5.251282988186787,5.251282988186787,Ridge,LOWO,noise_plus_mixup
50,35.891881015513974,14.108118984486026,14.108118984486026,Ridge,LOWO,noise_plus_mixup
50,43.198568229670414,6.801431770329586,6.801431770329586,Ridge,LOWO,noise_plus_mixup
50,42.11980485066623,7.8801951493337725,7.8801951493337725,Ridge,LOWO,noise_plus_mixup
50,36.918921788971794,13.081078211028206,13.081078211028206,Ridge,LOWO,noise_plus_mixup
50,39.68800703618684,10.31199296381316,10.31199296381316,Ridge,LOWO,noise_plus_mixup
0,20.28948189088502,-20.28948189088502,20.28948189088502,SVR_RBF,LOO,noise_plus_mixup
10,17.899061278824163,-7.899061278824163,7.899061278824163,SVR_RBF,LOO,noise_plus_mixup
10,13.986920103979143,-3.986920103979143,3.986920103979143,SVR_RBF,LOO,noise_plus_mixup
10,14.30098706698835,-4.30098706698835,4.30098706698835,SVR_RBF,LOO,noise_plus_mixup
10,31.167535741292657,-21.167535741292657,21.167535741292657,SVR_RBF,LOO,noise_plus_mixup
10,23.05089526000037,-13.05089526000037,13.05089526000037,SVR_RBF,LOO,noise_plus_mixup
20,20.19694413223685,-0.19694413223685103,0.19694413223685103,SVR_RBF,LOO,noise_plus_mixup
20,23.134133681515284,-3.1341336815152836,3.1341336815152836,SVR_RBF,LOO,noise_plus_mixup
20,27.909361877002294,-7.9093618770022935,7.9093618770022935,SVR_RBF,LOO,noise_plus_mixup
20,26.108452966594573,-6.108452966594573,6.108452966594573,SVR_RBF,LOO,noise_plus_mixup
20,29.60324451620061,-9.603244516200611,9.603244516200611,SVR_RBF,LOO,noise_plus_mixup
30,29.065485174132938,0.9345148258670619,0.9345148258670619,SVR_RBF,LOO,noise_plus_mixup
30,28.004137868378866,1.9958621316211342,1.9958621316211342,SVR_RBF,LOO,noise_plus_mixup
30,33.168654808744286,-3.168654808744286,3.168654808744286,SVR_RBF,LOO,noise_plus_mixup
30,25.35427633617422,4.64572366382578,4.64572366382578,SVR_RBF,LOO,noise_plus_mixup
30,43.09723260720261,-13.097232607202614,13.097232607202614,SVR_RBF,LOO,noise_plus_mixup
40,42.98222434749785,-2.982224347497848,2.982224347497848,SVR_RBF,LOO,noise_plus_mixup
40,41.57718569892837,-1.5771856989283677,1.5771856989283677,SVR_RBF,LOO,noise_plus_mixup
40,34.430237085246546,5.569762914753454,5.569762914753454,SVR_RBF,LOO,noise_plus_mixup
40,40.40055844984553,-0.40055844984553346,0.40055844984553346,SVR_RBF,LOO,noise_plus_mixup
40,32.60759955761779,7.392400442382211,7.392400442382211,SVR_RBF,LOO,noise_plus_mixup
50,35.42458473562196,14.575415264378037,14.575415264378037,SVR_RBF,LOO,noise_plus_mixup
50,33.46173139871591,16.538268601284088,16.538268601284088,SVR_RBF,LOO,noise_plus_mixup
50,32.54903273276793,17.450967267232073,17.450967267232073,SVR_RBF,LOO,noise_plus_mixup
50,29.397299086368516,20.602700913631484,20.602700913631484,SVR_RBF,LOO,noise_plus_mixup
50,30.04796610951069,19.95203389048931,19.95203389048931,SVR_RBF,LOO,noise_plus_mixup
0,19.775354633637278,-19.775354633637278,19.775354633637278,SVR_RBF,LOWO,noise_plus_mixup
10,22.9744804789899,-12.9744804789899,12.9744804789899,SVR_RBF,LOWO,noise_plus_mixup
10,21.27203952127336,-11.27203952127336,11.27203952127336,SVR_RBF,LOWO,noise_plus_mixup
10,20.385526213129054,-10.385526213129054,10.385526213129054,SVR_RBF,LOWO,noise_plus_mixup
10,31.08215247079694,-21.08215247079694,21.08215247079694,SVR_RBF,LOWO,noise_plus_mixup
10,23.670323983425494,-13.670323983425494,13.670323983425494,SVR_RBF,LOWO,noise_plus_mixup
20,21.90990969230501,-1.9099096923050105,1.9099096923050105,SVR_RBF,LOWO,noise_plus_mixup
20,25.28707041754084,-5.287070417540839,5.287070417540839,SVR_RBF,LOWO,noise_plus_mixup
20,28.989941253077088,-8.989941253077088,8.989941253077088,SVR_RBF,LOWO,noise_plus_mixup
20,27.36453468351866,-7.364534683518659,7.364534683518659,SVR_RBF,LOWO,noise_plus_mixup
20,28.703553394096065,-8.703553394096065,8.703553394096065,SVR_RBF,LOWO,noise_plus_mixup
30,30.022143850135826,-0.022143850135826426,0.022143850135826426,SVR_RBF,LOWO,noise_plus_mixup
30,31.547349945044076,-1.5473499450440755,1.5473499450440755,SVR_RBF,LOWO,noise_plus_mixup
30,35.10811776310979,-5.108117763109789,5.108117763109789,SVR_RBF,LOWO,noise_plus_mixup
30,25.979644507702297,4.020355492297703,4.020355492297703,SVR_RBF,LOWO,noise_plus_mixup
30,44.15603697646535,-14.156036976465352,14.156036976465352,SVR_RBF,LOWO,noise_plus_mixup
40,44.10993125897264,-4.109931258972637,4.109931258972637,SVR_RBF,LOWO,noise_plus_mixup
40,41.653527418742755,-1.6535274187427547,1.6535274187427547,SVR_RBF,LOWO,noise_plus_mixup
40,35.15535786219286,4.844642137807142,4.844642137807142,SVR_RBF,LOWO,noise_plus_mixup
40,40.6742487037763,-0.6742487037762999,0.6742487037762999,SVR_RBF,LOWO,noise_plus_mixup
40,32.906131235563564,7.093868764436436,7.093868764436436,SVR_RBF,LOWO,noise_plus_mixup
50,33.369194430261565,16.630805569738435,16.630805569738435,SVR_RBF,LOWO,noise_plus_mixup
50,33.08471814385555,16.915281856144453,16.915281856144453,SVR_RBF,LOWO,noise_plus_mixup
50,31.634477468754834,18.365522531245166,18.365522531245166,SVR_RBF,LOWO,noise_plus_mixup
50,22.825097050705104,27.174902949294896,27.174902949294896,SVR_RBF,LOWO,noise_plus_mixup
50,23.20649776499565,26.79350223500435,26.79350223500435,SVR_RBF,LOWO,noise_plus_mixup
0,10.375,-10.375,10.375,RandomForest,LOO,noise_plus_mixup
10,8.475,1.5250000000000004,1.5250000000000004,RandomForest,LOO,noise_plus_mixup
10,7.5,2.5,2.5,RandomForest,LOO,noise_plus_mixup
10,10.0,0.0,0.0,RandomForest,LOO,noise_plus_mixup
10,4.9,5.1,5.1,RandomForest,LOO,noise_plus_mixup
10,8.775,1.2249999999999996,1.2249999999999996,RandomForest,LOO,noise_plus_mixup
20,19.625,0.375,0.375,RandomForest,LOO,noise_plus_mixup
20,14.075,5.925000000000001,5.925000000000001,RandomForest,LOO,noise_plus_mixup
20,23.275,-3.2749999999999986,3.2749999999999986,RandomForest,LOO,noise_plus_mixup
20,18.425,1.5749999999999993,1.5749999999999993,RandomForest,LOO,noise_plus_mixup
20,23.775,-3.7749999999999986,3.7749999999999986,RandomForest,LOO,noise_plus_mixup
30,31.3,-1.3000000000000007,1.3000000000000007,RandomForest,LOO,noise_plus_mixup
30,30.0,0.0,0.0,RandomForest,LOO,noise_plus_mixup
30,30.0,0.0,0.0,RandomForest,LOO,noise_plus_mixup
30,27.875,2.125,2.125,RandomForest,LOO,noise_plus_mixup
30,32.475,-2.4750000000000014,2.4750000000000014,RandomForest,LOO,noise_plus_mixup
40,40.025,-0.02499999999999858,0.02499999999999858,RandomForest,LOO,noise_plus_mixup
40,37.15,2.8500000000000014,2.8500000000000014,RandomForest,LOO,noise_plus_mixup
40,38.375,1.625,1.625,RandomForest,LOO,noise_plus_mixup
40,39.85,0.14999999999999858,0.14999999999999858,RandomForest,LOO,noise_plus_mixup
40,38.45,1.5499999999999972,1.5499999999999972,RandomForest,LOO,noise_plus_mixup
50,41.85,8.149999999999999,8.149999999999999,RandomForest,LOO,noise_plus_mixup
50,49.775,0.22500000000000142,0.22500000000000142,RandomForest,LOO,noise_plus_mixup
50,49.925,0.07500000000000284,0.07500000000000284,RandomForest,LOO,noise_plus_mixup
50,50.0,0.0,0.0,RandomForest,LOO,noise_plus_mixup
50,50.0,0.0,0.0,RandomForest,LOO,noise_plus_mixup
0,10.0,-10.0,10.0,RandomForest,LOWO,noise_plus_mixup
10,11.45,-1.4499999999999993,1.4499999999999993,RandomForest,LOWO,noise_plus_mixup
10,16.675,-6.675000000000001,6.675000000000001,RandomForest,LOWO,noise_plus_mixup
10,17.325,-7.324999999999999,7.324999999999999,RandomForest,LOWO,noise_plus_mixup
10,15.45,-5.449999999999999,5.449999999999999,RandomForest,LOWO,noise_plus_mixup
10,23.025,-13.024999999999999,13.024999999999999,RandomForest,LOWO,noise_plus_mixup
20,7.75,12.25,12.25,RandomForest,LOWO,noise_plus_mixup
20,8.1,11.9,11.9,RandomForest,LOWO,noise_plus_mixup
20,17.85,2.1499999999999986,2.1499999999999986,RandomForest,LOWO,noise_plus_mixup
20,7.05,12.95,12.95,RandomForest,LOWO,noise_plus_mixup
20,21.225,-1.2250000000000014,1.2250000000000014,RandomForest,LOWO,noise_plus_mixup
30,26.45,3.5500000000000007,3.5500000000000007,RandomForest,LOWO,noise_plus_mixup
30,31.1,-1.1000000000000014,1.1000000000000014,RandomForest,LOWO,noise_plus_mixup
30,31.25,-1.25,1.25,RandomForest,LOWO,noise_plus_mixup
30,25.1,4.899999999999999,4.899999999999999,RandomForest,LOWO,noise_plus_mixup
30,31.15,-1.1499999999999986,1.1499999999999986,RandomForest,LOWO,noise_plus_mixup
40,45.525,-5.524999999999999,5.524999999999999,RandomForest,LOWO,noise_plus_mixup
40,45.6,-5.600000000000001,5.600000000000001,RandomForest,LOWO,noise_plus_mixup
40,45.5,-5.5,5.5,RandomForest,LOWO,noise_plus_mixup
40,45.5,-5.5,5.5,RandomForest,LOWO,noise_plus_mixup
40,40.625,-0.625,0.625,RandomForest,LOWO,noise_plus_mixup
50,34.275,15.725000000000001,15.725000000000001,RandomForest,LOWO,noise_plus_mixup
50,39.95,10.049999999999997,10.049999999999997,RandomForest,LOWO,noise_plus_mixup
50,40.0,10.0,10.0,RandomForest,LOWO,noise_plus_mixup
50,39.625,10.375,10.375,RandomForest,LOWO,noise_plus_mixup
50,39.875,10.125,10.125,RandomForest,LOWO,noise_plus_mixup
0,10.620864779789287,-10.620864779789287,10.620864779789287,GradientBoosting,LOO,noise_plus_mixup
10,9.47707106414133,0.5229289358586708,0.5229289358586708,GradientBoosting,LOO,noise_plus_mixup
10,8.062912377499094,1.937087622500906,1.937087622500906,GradientBoosting,LOO,noise_plus_mixup
10,10.470099172745574,-0.47009917274557367,0.47009917274557367,GradientBoosting,LOO,noise_plus_mixup
10,8.86137535266437,1.1386246473356305,1.1386246473356305,GradientBoosting,LOO,noise_plus_mixup
10,9.858085223994374,0.14191477600562585,0.14191477600562585,GradientBoosting,LOO,noise_plus_mixup
20,19.54373628184107,0.4562637181589295,0.4562637181589295,GradientBoosting,LOO,noise_plus_mixup
20,17.29143872082879,2.70856127917121,2.70856127917121,GradientBoosting,LOO,noise_plus_mixup
20,19.733692336684385,0.2663076633156152,0.2663076633156152,GradientBoosting,LOO,noise_plus_mixup
20,17.523699698910598,2.4763003010894025,2.4763003010894025,GradientBoosting,LOO,noise_plus_mixup
20,21.878551976383513,-1.8785519763835126,1.8785519763835126,GradientBoosting,LOO,noise_plus_mixup
30,29.94798624781918,0.052013752180819495,0.052013752180819495,GradientBoosting,LOO,noise_plus_mixup
30,29.63708271012126,0.36291728987874095,0.36291728987874095,GradientBoosting,LOO,noise_plus_mixup
30,29.94798624781918,0.052013752180819495,0.052013752180819495,GradientBoosting,LOO,noise_plus_mixup
30,28.206805598433718,1.7931944015662822,1.7931944015662822,GradientBoosting,LOO,noise_plus_mixup
30,29.94798624781918,0.052013752180819495,0.052013752180819495,GradientBoosting,LOO,noise_plus_mixup
40,39.62460074202408,0.37539925797592133,0.37539925797592133,GradientBoosting,LOO,noise_plus_mixup
40,39.62460074202408,0.37539925797592133,0.37539925797592133,GradientBoosting,LOO,noise_plus_mixup
40,39.61869795430321,0.38130204569679194,0.38130204569679194,GradientBoosting,LOO,noise_plus_mixup
40,39.62460074202408,0.37539925797592133,0.37539925797592133,GradientBoosting,LOO,noise_plus_mixup
40,39.61869795430321,0.38130204569679194,0.38130204569679194,GradientBoosting,LOO,noise_plus_mixup
50,42.64835694383942,7.351643056160583,7.351643056160583,GradientBoosting,LOO,noise_plus_mixup
50,49.16095513242396,0.8390448675760425,0.8390448675760425,GradientBoosting,LOO,noise_plus_mixup
50,49.16095513242396,0.8390448675760425,0.8390448675760425,GradientBoosting,LOO,noise_plus_mixup
50,49.16095513242396,0.8390448675760425,0.8390448675760425,GradientBoosting,LOO,noise_plus_mixup
50,49.16095513242395,0.8390448675760496,0.8390448675760496,GradientBoosting,LOO,noise_plus_mixup
0,10.620864779789287,-10.620864779789287,10.620864779789287,GradientBoosting,LOWO,noise_plus_mixup
10,13.89074545767399,-3.89074545767399,3.89074545767399,GradientBoosting,LOWO,noise_plus_mixup
10,15.318932837400158,-5.318932837400158,5.318932837400158,GradientBoosting,LOWO,noise_plus_mixup
10,18.369691579545517,-8.369691579545517,8.369691579545517,GradientBoosting,LOWO,noise_plus_mixup
10,17.94714047484751,-7.947140474847512,7.947140474847512,GradientBoosting,LOWO,noise_plus_mixup
10,22.438064534330707,-12.438064534330707,12.438064534330707,GradientBoosting,LOWO,noise_plus_mixup
20,8.471416618798436,11.528583381201564,11.528583381201564,GradientBoosting,LOWO,noise_plus_mixup
20,9.195150969609703,10.804849030390297,10.804849030390297,GradientBoosting,LOWO,noise_plus_mixup
20,9.947850944804731,10.052149055195269,10.052149055195269,GradientBoosting,LOWO,noise_plus_mixup
20,8.205991703610787,11.794008296389213,11.794008296389213,GradientBoosting,LOWO,noise_plus_mixup
20,19.086976271661054,0.9130237283389455,0.9130237283389455,GradientBoosting,LOWO,noise_plus_mixup
30,23.411130352857228,6.588869647142772,6.588869647142772,GradientBoosting,LOWO,noise_plus_mixup
30,25.943785358359438,4.056214641640562,4.056214641640562,GradientBoosting,LOWO,noise_plus_mixup
30,28.128160627512425,1.8718393724875746,1.8718393724875746,GradientBoosting,LOWO,noise_plus_mixup
30,23.411130352857228,6.588869647142772,6.588869647142772,GradientBoosting,LOWO,noise_plus_mixup
30,28.045628218149318,1.954371781850682,1.954371781850682,GradientBoosting,LOWO,noise_plus_mixup
40,45.36803720516587,-5.368037205165869,5.368037205165869,GradientBoosting,LOWO,noise_plus_mixup
40,45.36803720516587,-5.368037205165869,5.368037205165869,GradientBoosting,LOWO,noise_plus_mixup
40,45.36803720516587,-5.368037205165869,5.368037205165869,GradientBoosting,LOWO,noise_plus_mixup
40,45.36803720516587,-5.368037205165869,5.368037205165869,GradientBoosting,LOWO,noise_plus_mixup
40,40.01085448707539,-0.010854487075391717,0.010854487075391717,GradientBoosting,LOWO,noise_plus_mixup
50,35.716585910886884,14.283414089113116,14.283414089113116,GradientBoosting,LOWO,noise_plus_mixup
50,39.428964862984515,10.571035137015485,10.571035137015485,GradientBoosting,LOWO,noise_plus_mixup
50,39.428964862984515,10.571035137015485,10.571035137015485,GradientBoosting,LOWO,noise_plus_mixup
50,38.6473031186649,11.352696881335099,11.352696881335099,GradientBoosting,LOWO,noise_plus_mixup
50,39.428964862984515,10.571035137015485,10.571035137015485,GradientBoosting,LOWO,noise_plus_mixup
0,16.148142342532715,-16.148142342532715,16.148142342532715,CatBoost,LOO,noise_plus_mixup
10,16.446912543759442,-6.446912543759442,6.446912543759442,CatBoost,LOO,noise_plus_mixup
10,11.337202497183009,-1.337202497183009,1.337202497183009,CatBoost,LOO,noise_plus_mixup
10,12.429049226071545,-2.4290492260715446,2.4290492260715446,CatBoost,LOO,noise_plus_mixup
10,21.069303185946715,-11.069303185946715,11.069303185946715,CatBoost,LOO,noise_plus_mixup
10,19.520453716834695,-9.520453716834695,9.520453716834695,CatBoost,LOO,noise_plus_mixup
20,11.17599835181119,8.82400164818881,8.82400164818881,CatBoost,LOO,noise_plus_mixup
20,15.226152206489743,4.773847793510257,4.773847793510257,CatBoost,LOO,noise_plus_mixup
20,25.22983805437553,-5.229838054375531,5.229838054375531,CatBoost,LOO,noise_plus_mixup
20,11.636440916757707,8.363559083242293,8.363559083242293,CatBoost,LOO,noise_plus_mixup
20,28.820159918069084,-8.820159918069084,8.820159918069084,CatBoost,LOO,noise_plus_mixup
30,25.440124335461793,4.5598756645382075,4.5598756645382075,CatBoost,LOO,noise_plus_mixup
30,32.895410516935485,-2.8954105169354847,2.8954105169354847,CatBoost,LOO,noise_plus_mixup
30,33.063522162692955,-3.063522162692955,3.063522162692955,CatBoost,LOO,noise_plus_mixup
30,21.391861465800975,8.608138534199025,8.608138534199025,CatBoost,LOO,noise_plus_mixup
30,38.296911572919974,-8.296911572919974,8.296911572919974,CatBoost,LOO,noise_plus_mixup
40,40.700911826120155,-0.700911826120155,0.700911826120155,CatBoost,LOO,noise_plus_mixup
40,38.38106407451271,1.6189359254872926,1.6189359254872926,CatBoost,LOO,noise_plus_mixup
40,40.307402944566654,-0.30740294456665396,0.30740294456665396,CatBoost,LOO,noise_plus_mixup
40,40.499515645717516,-0.4995156457175156,0.4995156457175156,CatBoost,LOO,noise_plus_mixup
40,37.722489102431936,2.277510897568064,2.277510897568064,CatBoost,LOO,noise_plus_mixup
50,37.87258416607555,12.127415833924452,12.127415833924452,CatBoost,LOO,noise_plus_mixup
50,41.07827401381526,8.92172598618474,8.92172598618474,CatBoost,LOO,noise_plus_mixup
50,41.72308596726416,8.276914032735839,8.276914032735839,CatBoost,LOO,noise_plus_mixup
50,39.75252597394069,10.247474026059308,10.247474026059308,CatBoost,LOO,noise_plus_mixup
50,43.035312820955994,6.964687179044006,6.964687179044006,CatBoost,LOO,noise_plus_mixup
0,16.511519333422726,-16.511519333422726,16.511519333422726,CatBoost,LOWO,noise_plus_mixup
10,22.517929460928407,-12.517929460928407,12.517929460928407,CatBoost,LOWO,noise_plus_mixup
10,18.38730008828822,-8.387300088288221,8.387300088288221,CatBoost,LOWO,noise_plus_mixup
10,20.83015596844836,-10.83015596844836,10.83015596844836,CatBoost,LOWO,noise_plus_mixup
10,23.00780472347087,-13.00780472347087,13.00780472347087,CatBoost,LOWO,noise_plus_mixup
10,19.653615195498027,-9.653615195498027,9.653615195498027,CatBoost,LOWO,noise_plus_mixup
20,10.312844289209867,9.687155710790133,9.687155710790133,CatBoost,LOWO,noise_plus_mixup
20,13.983695426762809,6.016304573237191,6.016304573237191,CatBoost,LOWO,noise_plus_mixup
20,23.54011028777566,-3.5401102877756614,3.5401102877756614,CatBoost,LOWO,noise_plus_mixup
20,10.50882559741137,9.49117440258863,9.49117440258863,CatBoost,LOWO,noise_plus_mixup
20,29.814639643042888,-9.814639643042888,9.814639643042888,CatBoost,LOWO,noise_plus_mixup
30,28.879726711763517,1.1202732882364828,1.1202732882364828,CatBoost,LOWO,noise_plus_mixup
30,39.321150277597866,-9.321150277597866,9.321150277597866,CatBoost,LOWO,noise_plus_mixup
30,38.09186483872551,-8.091864838725513,8.091864838725513,CatBoost,LOWO,noise_plus_mixup
30,26.332267493366974,3.667732506633026,3.667732506633026,CatBoost,LOWO,noise_plus_mixup
30,40.27956774915229,-10.279567749152292,10.279567749152292,CatBoost,LOWO,noise_plus_mixup
40,43.815888291142,-3.8158882911420022,3.8158882911420022,CatBoost,LOWO,noise_plus_mixup
40,42.59085400200566,-2.5908540020056634,2.5908540020056634,CatBoost,LOWO,noise_plus_mixup
40,42.633606686331845,-2.633606686331845,2.633606686331845,CatBoost,LOWO,noise_plus_mixup
40,44.952197594746856,-4.952197594746856,4.952197594746856,CatBoost,LOWO,noise_plus_mixup
40,41.848542186613074,-1.8485421866130736,1.8485421866130736,CatBoost,LOWO,noise_plus_mixup
50,33.689669090304896,16.310330909695104,16.310330909695104,CatBoost,LOWO,noise_plus_mixup
50,33.968172427433046,16.031827572566954,16.031827572566954,CatBoost,LOWO,noise_plus_mixup
50,36.360638171521806,13.639361828478194,13.639361828478194,CatBoost,LOWO,noise_plus_mixup
50,30.713495701374764,19.286504298625236,19.286504298625236,CatBoost,LOWO,noise_plus_mixup
50,32.84820294194493,17.151797058055067,17.151797058055067,CatBoost,LOWO,noise_plus_mixup
