Archivo,Gramos_Reales,Iteracion,Pixeles_Conteo_50,Densidad_Pct_50,Pixeles_Conteo_80,Densidad_Pct_80,Pixeles_Conteo_100,Densidad_Pct_100,Pixeles_Conteo_130,Densidad_Pct_130,Pixeles_Conteo_150,Densidad_Pct_150,Pixeles_Conteo_180,Densidad_Pct_180,Pixeles_Conteo_200,Densidad_Pct_200,Pixeles_Percentil_50,Densidad_Percentil_50,Pixeles_Percentil_60,Densidad_Percentil_60,Pixeles_Percentil_70,Densidad_Percentil_70,Pixeles_Percentil_75,Densidad_Percentil_75,Pixeles_Percentil_80,Densidad_Percentil_80,Pixeles_Percentil_85,Densidad_Percentil_85,Pixeles_Percentil_90,Densidad_Percentil_90,Pixeles_Percentil_95,Densidad_Percentil_95,gray_mean,gray_std,gray_min,gray_max,gray_median,gray_p10,gray_p25,gray_p75,gray_p90,gray_iqr,gray_range,cold_area_pct_p20,cold_mean_p20,cold_std_p20,cold_min_p20,cold_max_p20,cold_median_p20,cold_area_pct_p25,cold_mean_p25,cold_std_p25,cold_min_p25,cold_max_p25,cold_median_p25,cold_area_pct_p30,cold_mean_p30,cold_std_p30,cold_min_p30,cold_max_p30,cold_median_p30,cold_area_pct_p35,cold_mean_p35,cold_std_p35,cold_min_p35,cold_max_p35,cold_median_p35,cold_area_pct_p40,cold_mean_p40,cold_std_p40,cold_min_p40,cold_max_p40,cold_median_p40,LBP_Cold_p25_Patron_0,LBP_Cold_p25_Patron_1,LBP_Cold_p25_Patron_2,LBP_Cold_p25_Patron_3,LBP_Cold_p25_Patron_4,LBP_Cold_p25_Patron_5,LBP_Cold_p25_Patron_6,LBP_Cold_p25_Patron_7,LBP_Cold_p25_Patron_8,LBP_Cold_p25_Patron_9,LBP_Cold_p25_Patron_10,LBP_Cold_p25_Patron_11,LBP_Cold_p25_Patron_12,LBP_Cold_p25_Patron_13,LBP_Cold_p25_Patron_14,LBP_Cold_p25_Patron_15,LBP_Cold_p25_Patron_16,LBP_Cold_p25_Patron_17,LBP_Cold_p25_Patron_18,LBP_Cold_p25_Patron_19,LBP_Cold_p25_Patron_20,LBP_Cold_p25_Patron_21,LBP_Cold_p25_Patron_22,LBP_Cold_p25_Patron_23,LBP_Cold_p25_Patron_24,LBP_Cold_p25_Patron_25,LBP_Cold_p30_Patron_0,LBP_Cold_p30_Patron_1,LBP_Cold_p30_Patron_2,LBP_Cold_p30_Patron_3,LBP_Cold_p30_Patron_4,LBP_Cold_p30_Patron_5,LBP_Cold_p30_Patron_6,LBP_Cold_p30_Patron_7,LBP_Cold_p30_Patron_8,LBP_Cold_p30_Patron_9,LBP_Cold_p30_Patron_10,LBP_Cold_p30_Patron_11,LBP_Cold_p30_Patron_12,LBP_Cold_p30_Patron_13,LBP_Cold_p30_Patron_14,LBP_Cold_p30_Patron_15,LBP_Cold_p30_Patron_16,LBP_Cold_p30_Patron_17,LBP_Cold_p30_Patron_18,LBP_Cold_p30_Patron_19,LBP_Cold_p30_Patron_20,LBP_Cold_p30_Patron_21,LBP_Cold_p30_Patron_22,LBP_Cold_p30_Patron_23,LBP_Cold_p30_Patron_24,LBP_Cold_p30_Patron_25,LBP_Cold_p35_Patron_0,LBP_Cold_p35_Patron_1,LBP_Cold_p35_Patron_2,LBP_Cold_p35_Patron_3,LBP_Cold_p35_Patron_4,LBP_Cold_p35_Patron_5,LBP_Cold_p35_Patron_6,LBP_Cold_p35_Patron_7,LBP_Cold_p35_Patron_8,LBP_Cold_p35_Patron_9,LBP_Cold_p35_Patron_10,LBP_Cold_p35_Patron_11,LBP_Cold_p35_Patron_12,LBP_Cold_p35_Patron_13,LBP_Cold_p35_Patron_14,LBP_Cold_p35_Patron_15,LBP_Cold_p35_Patron_16,LBP_Cold_p35_Patron_17,LBP_Cold_p35_Patron_18,LBP_Cold_p35_Patron_19,LBP_Cold_p35_Patron_20,LBP_Cold_p35_Patron_21,LBP_Cold_p35_Patron_22,LBP_Cold_p35_Patron_23,LBP_Cold_p35_Patron_24,LBP_Cold_p35_Patron_25,LBP_Cold_p40_Patron_0,LBP_Cold_p40_Patron_1,LBP_Cold_p40_Patron_2,LBP_Cold_p40_Patron_3,LBP_Cold_p40_Patron_4,LBP_Cold_p40_Patron_5,LBP_Cold_p40_Patron_6,LBP_Cold_p40_Patron_7,LBP_Cold_p40_Patron_8,LBP_Cold_p40_Patron_9,LBP_Cold_p40_Patron_10,LBP_Cold_p40_Patron_11,LBP_Cold_p40_Patron_12,LBP_Cold_p40_Patron_13,LBP_Cold_p40_Patron_14,LBP_Cold_p40_Patron_15,LBP_Cold_p40_Patron_16,LBP_Cold_p40_Patron_17,LBP_Cold_p40_Patron_18,LBP_Cold_p40_Patron_19,LBP_Cold_p40_Patron_20,LBP_Cold_p40_Patron_21,LBP_Cold_p40_Patron_22,LBP_Cold_p40_Patron_23,LBP_Cold_p40_Patron_24,LBP_Cold_p40_Patron_25
T0G-1.jpg,0.0,1,174080,100.0,174080,100.0,173903,99.89832261029412,171355,98.43462775735294,166186,95.46530330882354,80111,46.019646139705884,0,0.0,80111,46.019646139705884,68984,39.62775735294118,44704,25.680147058823525,24529,14.090647977941176,24529,14.090647977941176,24529,14.090647977941176,5494,3.1560202205882355,5494,3.1560202205882355,176.11371208639707,13.025166549150088,96,190,180.0,162.0,174.0,185.0,186.0,11.0,94,20.64855238970588,155.8156071776325,15.3089678617432,96,169,162.0,26.899701286764703,159.70828795353108,15.178304163491358,96,174,164.0,31.897403492647058,162.18691807589101,15.079495902261202,96,176,165.0,35.32054227941177,163.62254822235957,14.985270771528633,96,177,167.0,40.1028262867647,165.33706722436293,14.815210895130921,96,178,169.0,0.0034064797794117647,0.0019129136029411764,0.0020450367647058825,0.002211626838235294,0.0020163143382352943,0.0029698988970588234,0.003061810661764706,0.005020680147058824,0.007163373161764706,0.01027688419117647,0.014878216911764705,0.024350873161764704,0.027711397058823528,0.03762063419117647,0.027935431985294117,0.02783777573529412,0.017537913602941175,0.021938189338235294,0.011781939338235294,0.011690027573529412,0.012235753676470588,0.013005514705882354,0.0119140625,0.009392233455882353,0.6263499540441176,0.0637350643382353,0.004245174632352941,0.002309283088235294,0.0025160845588235296,0.0028090533088235294,0.0026079963235294116,0.00361328125,0.0036994485294117646,0.006020220588235294,0.008329503676470588,0.01208639705882353,0.01691750919117647,0.027625229779411765,0.031106387867647058,0.04038373161764706,0.03135914522058823,0.029411764705882353,0.019404871323529412,0.022742417279411765,0.013229549632352941,0.01394186580882353,0.017951516544117647,0.01803768382352941,0.018910845588235293,0.010868566176470588,0.5535788143382353,0.08629365808823529,0.004854090073529412,0.002699908088235294,0.0029813878676470586,0.0028722426470588237,0.002814797794117647,0.003963694852941176,0.0040498621323529415,0.006726792279411765,0.009150965073529412,0.013246783088235294,0.018106617647058825,0.029871323529411766,0.032950367647058824,0.042204733455882354,0.03272058823529412,0.030508961397058824,0.020881204044117647,0.024913832720588235,0.015929457720588236,0.017560891544117645,0.022380514705882353,0.02128331801470588,0.021869255514705883,0.013074448529411765,0.4916302849264706,0.11075367647058823,0.0052562040441176475,0.0032111672794117646,0.0035673253676470587,0.003693704044117647,0.003486902573529412,0.004854090073529412,0.004917279411764706,0.0074391084558823525,0.010305606617647059,0.014487591911764706,0.019789751838235295,0.03182444852941176,0.03532858455882353,0.04399126838235294,0.03520220588235294,0.03193359375,0.023282398897058822,0.026740579044117647,0.01811810661764706,0.019491038602941175,0.023420266544117645,0.02299517463235294,0.02217371323529412,0.014338235294117646,0.4290670955882353,0.1410845588235294
T10G-1.jpg,10.0,1,174080,100.0,173927,99.912109375,162623,93.41854319852942,100884,57.952665441176464,61799,35.500344669117645,18994,10.91107536764706,0,0.0,83316,47.860753676470594,68445,39.31812959558824,51623,29.654756433823533,43019,24.712201286764707,34564,19.855238970588236,26034,14.955193014705884,15745,9.044692095588236,5067,2.9107306985294117,139.6071403952206,28.09036896945506,66,188,138.0,104.0,113.0,163.0,182.0,50.0,122,20.311925551470587,103.39469442009107,4.457781836891525,66,110,104.0,25.226907169117645,105.03709438688375,5.2230986924334335,66,113,105.0,30.248736213235293,106.77279374062329,6.178808345149904,66,118,106.0,36.14430147058824,109.2472027972028,7.988832207899225,66,124,109.0,40.12350643382353,110.98350680773692,9.21996062429715,66,128,110.0,0.004227941176470588,0.002068014705882353,0.0023150275735294118,0.002131204044117647,0.0022346047794117646,0.0030790441176470587,0.0026482077205882354,0.004233685661764706,0.006548713235294118,0.008880974264705882,0.010627297794117647,0.015837545955882354,0.015234375,0.02807329963235294,0.016814108455882354,0.023615579044117648,0.01206341911764706,0.02150735294117647,0.00915670955882353,0.009443933823529411,0.011638327205882353,0.010874310661764705,0.010305606617647059,0.007335707720588235,0.6821001838235294,0.07700482536764706,0.005417049632352941,0.0025677849264705882,0.002946920955882353,0.002688419117647059,0.0027228860294117646,0.0037166819852941175,0.003130744485294118,0.005233226102941176,0.007846966911764706,0.01086282169117647,0.01330422794117647,0.01984719669117647,0.019657628676470588,0.03270335477941176,0.01955422794117647,0.02616613051470588,0.013712086397058823,0.022989430147058825,0.009702435661764706,0.00974264705882353,0.011402803308823529,0.010633042279411765,0.009892003676470588,0.007341452205882353,0.6444278492647059,0.08178998161764706,0.006611902573529412,0.0030503216911764706,0.0034524356617647058,0.0033605238970588237,0.0034754136029411763,0.004635799632352941,0.00407858455882353,0.00646829044117647,0.00966796875,0.013355928308823529,0.016837086397058824,0.02451171875,0.0244140625,0.03702320772058824,0.023259420955882352,0.028596047794117646,0.015688189338235296,0.024287683823529412,0.01103515625,0.011104090073529412,0.012649356617647059,0.011592371323529412,0.010857077205882353,0.007829733455882353,0.5875689338235294,0.09458869485294118,0.007048483455882353,0.0032111672794117646,0.0037109375,0.003561580882352941,0.003820082720588235,0.0052274816176470585,0.0046300551470588236,0.007398897058823529,0.011178768382352941,0.015446920955882354,0.01947954963235294,0.028463924632352942,0.027935431985294117,0.04057904411764706,0.026476332720588237,0.030135569852941177,0.017520680147058824,0.024885110294117645,0.012040441176470589,0.011781939338235294,0.01332720588235294,0.012298943014705882,0.011362591911764705,0.008272058823529412,0.5499655330882353,0.10024126838235294
T10G-2.jpg,10.0,2,174080,100.0,170910,98.17899816176471,152802,87.77688419117648,96094,55.201056985294116,30310,17.411534926470587,2037,1.1701516544117647,0,0.0,84046,48.280101102941174,64330,36.954273897058826,49199,28.26229319852941,38365,22.038717830882355,34583,19.866153492647058,25263,14.512293198529411,16624,9.549632352941176,7259,4.169921875,129.63826401654413,21.960910622692893,59,188,133.0,97.0,117.0,142.0,158.0,25.0,129,20.791015625,98.61638990965103,11.639780271818546,59,113,97.0,25.290670955882355,101.61618134738563,12.377533666776936,59,117,102.0,31.09030330882353,104.79400243893426,12.98861071191628,59,119,111.0,36.11213235294118,106.90858042758971,13.150152160365186,59,120,112.0,40.03963694852941,108.35517424427196,13.23884877079836,59,123,113.0,0.003820082720588235,0.0022690716911764708,0.0022058823529411764,0.0018956801470588235,0.0019014246323529411,0.002521829044117647,0.002682674632352941,0.004210707720588235,0.006192555147058823,0.009449678308823529,0.013849954044117646,0.020134420955882353,0.021783088235294117,0.03436925551470588,0.022254136029411765,0.02749310661764706,0.014223345588235294,0.022265625,0.009771369485294118,0.009599034926470589,0.013608685661764706,0.014636948529411765,0.015538832720588236,0.008151424632352942,0.6452952665441176,0.06987591911764705,0.004411764705882353,0.0030847886029411764,0.0031939338235294117,0.003061810661764706,0.002699908088235294,0.003349034926470588,0.003515625,0.005152803308823529,0.007261029411764706,0.010747931985294118,0.015544577205882353,0.022587316176470588,0.02387408088235294,0.03640280330882353,0.02448299632352941,0.028125,0.01611902573529412,0.023690257352941176,0.01150045955882353,0.012488511029411765,0.014832261029411764,0.016050091911764704,0.014705882352941176,0.009754136029411765,0.5664866727941177,0.11687729779411765,0.007019761029411765,0.0042509191176470585,0.0038947610294117647,0.0033547794117647057,0.0031192555147058825,0.0040498621323529415,0.004118795955882353,0.005911075367647059,0.008266314338235294,0.012166819852941177,0.017210477941176472,0.024735753676470587,0.02594784007352941,0.03901079963235294,0.026717601102941177,0.0306640625,0.017853860294117646,0.025482536764705882,0.012419577205882352,0.012275965073529412,0.014177389705882353,0.01582605698529412,0.013959099264705883,0.010064338235294118,0.5479262408088236,0.10957605698529412,0.00771484375,0.004113051470588235,0.003911994485294118,0.0037683823529411765,0.0034754136029411763,0.004406020220588235,0.00451516544117647,0.006652113970588235,0.009512867647058823,0.014171645220588235,0.01995059742647059,0.02895795036764706,0.030095358455882352,0.04342830882352941,0.02977941176470588,0.03376608455882353,0.019743795955882354,0.02712545955882353,0.013166360294117647,0.012971047794117648,0.014545036764705883,0.015906479779411765,0.013539751838235295,0.010454963235294117,0.5191693474264706,0.10515854779411765
T10G-3.jpg,10.0,3,174080,100.0,173814,99.84719669117646,166112,95.42279411764706,122535,70.39005055147058,58558,33.638556985294116,9674,5.557215073529412,0,0.0,84578,48.58570772058823,68166,39.157858455882355,51483,29.57433363970588,38850,22.317325367647058,34729,19.950022977941178,21966,12.618336397058824,17235,9.900620404411764,8299,4.7673483455882355,140.66149471507353,22.272956274857393,73,188,139.0,113.0,123.0,157.0,173.0,34.0,115,22.393152573529413,111.47244882253348,9.757300486362285,73,120,115.0,25.46185661764706,112.7031856330656,9.739654405128434,73,123,117.0,30.386029411764703,115.13509528130672,10.533409284388696,73,131,119.0,37.1829044117647,118.47637807440366,11.860990804413191,73,134,120.0,43.31571691176471,120.8158585751419,12.407584317282337,73,135,120.0,0.0045840992647058825,0.0022863051470588236,0.0024069393382352942,0.0015682444852941177,0.001579733455882353,0.002228860294117647,0.0023035386029411765,0.003400735294117647,0.0054859834558823525,0.008639705882352942,0.011443014705882352,0.016963465073529412,0.017888327205882352,0.02998621323529412,0.020053998161764706,0.027033547794117648,0.01569967830882353,0.024247472426470587,0.011333869485294117,0.010489430147058823,0.011356847426470588,0.011827895220588235,0.010150505514705883,0.008478860294117646,0.6676470588235294,0.07091567095588236,0.004831112132352941,0.002355238970588235,0.0025045955882352943,0.001775045955882353,0.0019473805147058824,0.002728630514705882,0.002998621323529412,0.004406020220588235,0.007358685661764706,0.011569393382352942,0.01587201286764706,0.02255859375,0.02426470588235294,0.03671875,0.02587890625,0.031502757352941176,0.018681066176470588,0.025700827205882352,0.01164407169117647,0.010512408088235295,0.011615349264705883,0.01213235294117647,0.01103515625,0.00854204963235294,0.6161362591911764,0.07473000919117648,0.005451516544117647,0.0032284007352941175,0.0035213694852941177,0.003205422794117647,0.003044577205882353,0.004153262867647059,0.003825827205882353,0.0059283088235294115,0.00913373161764706,0.013683363970588235,0.017911305147058822,0.024718520220588236,0.02678653492647059,0.03855124080882353,0.027619485294117646,0.03115234375,0.019129136029411766,0.025068933823529413,0.013367417279411764,0.01337890625,0.015642233455882355,0.015711167279411766,0.014246323529411764,0.009380744485294117,0.5176125919117647,0.13454733455882353,0.009311810661764706,0.004986213235294117,0.004940257352941176,0.003728170955882353,0.0035386029411764706,0.00476217830882353,0.004428998161764706,0.006525735294117647,0.009920726102941176,0.014694393382352941,0.01921530330882353,0.026401654411764706,0.028383501838235296,0.04056181066176471,0.028992417279411764,0.033025045955882355,0.01999080882352941,0.02594784007352941,0.013591452205882353,0.013568474264705883,0.015814568014705883,0.015309053308823529,0.013114659926470588,0.009363511029411764,0.5018669577205882,0.12801585477941177
T10G-4.jpg,10.0,4,174080,100.0,174080,100.0,174080,100.0,174080,100.0,172223,98.93324908088236,96043,55.17176011029412,0,0.0,84586,48.59030330882353,64134,36.841681985294116,42106,24.187729779411764,42106,24.187729779411764,7849,4.508846507352941,7849,4.508846507352941,7849,4.508846507352941,7849,4.508846507352941,178.49559397977941,9.305783275473058,132,189,182.0,164.0,177.0,185.0,186.0,8.0,57,20.572150735294116,162.17806880375292,5.936824068384144,132,171,164.0,27.40464154411765,165.45539345155746,7.715611326447056,132,177,164.0,32.6022518382353,167.45531592486873,8.433773792798014,132,178,165.0,41.0495174632353,169.831007990596,8.84727329218879,132,179,171.0,41.0495174632353,169.831007990596,8.84727329218879,132,179,171.0,0.0046932444852941175,0.002165670955882353,0.002510340073529412,0.0025390625,0.002487362132352941,0.0030215992647058825,0.003107766544117647,0.004796645220588236,0.0072552849264705885,0.01000689338235294,0.012540211397058824,0.016613051470588235,0.017365579044117646,0.027108226102941176,0.019916130514705883,0.023937270220588235,0.01533203125,0.023075597426470588,0.013924632352941177,0.016636029411764706,0.02158203125,0.02116842830882353,0.023161764705882354,0.01169577205882353,0.5816061580882353,0.11175321691176471,0.005215992647058823,0.0030503216911764706,0.0036534926470588236,0.003911994485294118,0.002900965073529412,0.003980928308823529,0.0036362591911764707,0.005480238970588235,0.00818014705882353,0.011040900735294118,0.014051011029411765,0.018204273897058823,0.01860638786764706,0.02837201286764706,0.02199563419117647,0.02509765625,0.017216222426470588,0.02409811580882353,0.014705882352941176,0.017250689338235294,0.020318244485294117,0.02119140625,0.020272288602941176,0.012994025735294118,0.5218290441176471,0.15274586397058823,0.009817325367647059,0.005526194852941177,0.00554342830882353,0.0046472886029411764,0.0035673253676470587,0.004721966911764706,0.004406020220588235,0.006382123161764706,0.009530101102941177,0.012735523897058823,0.015538832720588236,0.02099034926470588,0.020881204044117647,0.031474034926470586,0.024592141544117648,0.027895220588235296,0.01924402573529412,0.02612017463235294,0.01594094669117647,0.01703814338235294,0.02021484375,0.02104779411764706,0.019198069852941178,0.013229549632352941,0.49180836397058825,0.14790900735294119,0.009817325367647059,0.005526194852941177,0.00554342830882353,0.0046472886029411764,0.0035673253676470587,0.004721966911764706,0.004406020220588235,0.006382123161764706,0.009530101102941177,0.012735523897058823,0.015538832720588236,0.02099034926470588,0.020881204044117647,0.031474034926470586,0.024592141544117648,0.027895220588235296,0.01924402573529412,0.02612017463235294,0.01594094669117647,0.01703814338235294,0.02021484375,0.02104779411764706,0.019198069852941178,0.013229549632352941,0.49180836397058825,0.14790900735294119
T10G-5.jpg,10.0,5,174080,100.0,174080,100.0,174077,99.99827665441177,172789,99.2583869485294,168620,96.86351102941177,98650,56.66934742647059,0,0.0,82164,47.19898897058823,53308,30.62270220588235,33382,19.17624080882353,33382,19.17624080882353,33382,19.17624080882353,3438,1.974954044117647,3438,1.974954044117647,3438,1.974954044117647,178.07300091911765,10.913384734450238,100,189,182.0,164.0,176.0,185.0,186.0,9.0,89,21.364889705882355,161.24631641213165,12.585701579914813,100,174,164.0,25.65716911764706,163.64141142754792,12.668669338920553,100,176,166.0,32.54193474264706,166.58105173966,12.601442146472786,100,178,170.0,38.041130514705884,168.37632508833923,12.446415972145644,100,179,173.0,43.33065257352941,169.79526713509213,12.267126737238629,100,180,175.0,0.0018210018382352942,0.0012982536764705882,0.00166015625,0.0013901654411764706,0.0016256893382352942,0.002182904411764706,0.002309283088235294,0.003705193014705882,0.0057444852941176475,0.009329044117647059,0.014051011029411765,0.022587316176470588,0.02836626838235294,0.04288832720588235,0.03222081801470588,0.035460707720588236,0.022403492647058824,0.02731502757352941,0.013821231617647058,0.012488511029411765,0.013959099264705883,0.01472311580882353,0.014418658088235295,0.010776654411764706,0.6078469669117647,0.05560661764705882,0.002412683823529412,0.001775045955882353,0.0020565257352941177,0.002085248161764706,0.0021714154411764707,0.0031192555147058825,0.003205422794117647,0.004940257352941176,0.007938878676470588,0.011810661764705882,0.017221966911764707,0.027309283088235294,0.03305376838235294,0.04743221507352941,0.03717256433823529,0.038878676470588236,0.02639590992647059,0.031186810661764704,0.018635110294117647,0.018100873161764706,0.02019186580882353,0.01979549632352941,0.01899126838235294,0.01401654411764706,0.5018899356617647,0.08821231617647059,0.003596047794117647,0.0025620404411764706,0.002768841911764706,0.0022920496323529413,0.0025907628676470587,0.0036879595588235293,0.003728170955882353,0.005876608455882353,0.009150965073529412,0.01401654411764706,0.01994485294117647,0.03068704044117647,0.03655790441176471,0.05107996323529412,0.04093520220588235,0.04260110294117647,0.030158547794117647,0.03469669117647059,0.020645680147058823,0.019295726102941176,0.020720358455882354,0.02096737132352941,0.01823874080882353,0.015366498161764705,0.44848920036764706,0.09934512867647059,0.004877068014705882,0.002946920955882353,0.0031537224264705883,0.0025505514705882353,0.0029411764705882353,0.004227941176470588,0.0044175091911764705,0.006675091911764706,0.0107421875,0.015682444852941176,0.02263327205882353,0.03432329963235294,0.04021139705882353,0.05500344669117647,0.045197610294117646,0.04601332720588235,0.03272633272058824,0.03694278492647059,0.021668198529411764,0.019657628676470588,0.02073184742647059,0.02097311580882353,0.0181640625,0.015487132352941177,0.4128274356617647,0.09922449448529412
T20G-1.jpg,20.0,1,174080,100.0,174080,100.0,174000,99.95404411764706,172948,99.34972426470588,170377,97.87281709558823,107236,61.60156249999999,0,0.0,79468,45.650275735294116,61004,35.0436580882353,36485,20.958754595588236,36485,20.958754595588236,5366,3.0824908088235294,5366,3.0824908088235294,5366,3.0824908088235294,5366,3.0824908088235294,179.52330537683824,9.788197427589477,96,189,183.0,167.0,178.0,185.0,186.0,7.0,93,21.563648897058822,165.61148702647984,13.094296390995202,96,177,169.0,26.101792279411768,167.7653946036357,12.794306900479754,96,178,173.0,33.594898897058826,170.27119455558974,12.208851954355485,96,179,176.0,38.3984375,171.48824127819998,11.864601612892827,96,180,177.0,41.734260110294116,172.24851688208008,11.669218133702138,96,181,177.0,0.00146484375,0.0009306066176470588,0.0014533547794117647,0.0013556985294117647,0.0013269761029411765,0.0021024816176470587,0.0023035386029411765,0.003860294117647059,0.0064625459558823525,0.009610523897058824,0.013884420955882352,0.02261029411764706,0.027332261029411765,0.03909122242647059,0.03232421875,0.03360523897058824,0.024057904411764707,0.028555836397058824,0.017738970588235294,0.01870404411764706,0.021932444852941175,0.02312155330882353,0.022104779411764707,0.01565372242647059,0.535207950367647,0.09320427389705882,0.0035271139705882353,0.0022173713235294117,0.002182904411764706,0.0018152573529411765,0.0020737591911764706,0.002786075367647059,0.002883731617647059,0.004854090073529412,0.007927389705882353,0.01181640625,0.016521139705882353,0.026947380514705882,0.03127297794117647,0.04402573529411765,0.036908318014705885,0.03743106617647059,0.027774586397058824,0.03095703125,0.019829963235294117,0.020197610294117648,0.02174862132352941,0.023064108455882353,0.02048483455882353,0.016854319852941176,0.4843003216911765,0.09959788602941176,0.004388786764705882,0.00224609375,0.0024931066176470586,0.0023035386029411765,0.0022346047794117646,0.0033949908088235295,0.0035386029411764706,0.005554917279411765,0.009357766544117647,0.013855698529411764,0.0193359375,0.030480238970588235,0.034943704044117646,0.04886833639705882,0.040814568014705885,0.04096392463235294,0.030531939338235295,0.03406479779411765,0.02104204963235294,0.020398667279411763,0.022570082720588237,0.02316750919117647,0.020588235294117647,0.01713579963235294,0.4455250459558823,0.10020105698529412,0.004653033088235294,0.002395450367647059,0.0026941636029411764,0.0024356617647058824,0.002642463235294118,0.003762637867647059,0.004084329044117647,0.006531479779411765,0.010552619485294118,0.015768612132352942,0.021599264705882353,0.03381778492647059,0.03801700367647059,0.05227481617647059,0.043732766544117646,0.043278952205882355,0.03220358455882353,0.03525390625,0.02246668198529412,0.02106502757352941,0.02360983455882353,0.024115349264705883,0.021863511029411763,0.017250689338235294,0.40782973345588236,0.10610064338235294
T20G-2.jpg,20.0,2,174080,100.0,173224,99.50827205882354,154116,88.53170955882354,59695,34.29170496323529,8605,4.9431295955882355,1220,0.7008272058823529,0,0.0,76888,44.16819852941177,69303,39.81100643382353,45622,26.20749080882353,34470,19.80124080882353,34470,19.80124080882353,24898,14.302619485294118,12810,7.3586856617647065,8605,4.9431295955882355,122.37106502757354,17.140312238175536,68,189,120.0,98.0,113.0,135.0,142.0,22.0,121,22.61316636029412,101.26421948431347,9.032752762040275,68,112,100.0,30.918543198529413,104.41669918064768,9.313019454492796,68,113,109.0,30.918543198529413,104.41669918064768,9.313019454492796,68,113,109.0,35.75367647058824,105.7612146529563,9.305579887014867,68,115,111.0,41.66590073529412,107.37893619368003,9.498888947151032,68,118,112.0,0.005997242647058824,0.0038832720588235295,0.003234145220588235,0.0027803308823529413,0.0026654411764705883,0.0032686121323529413,0.003372012867647059,0.004934512867647059,0.007042738970588235,0.009455422794117646,0.012545955882352942,0.018083639705882355,0.018451286764705883,0.03022173713235294,0.02201861213235294,0.028193933823529412,0.01789407169117647,0.02567784926470588,0.013752297794117647,0.01437844669117647,0.01650390625,0.017072610294117645,0.015360753676470587,0.01120749080882353,0.5918887867647059,0.10011488970588235,0.005997242647058824,0.0038832720588235295,0.003234145220588235,0.0027803308823529413,0.0026654411764705883,0.0032686121323529413,0.003372012867647059,0.004934512867647059,0.007042738970588235,0.009455422794117646,0.012545955882352942,0.018083639705882355,0.018451286764705883,0.03022173713235294,0.02201861213235294,0.028193933823529412,0.01789407169117647,0.02567784926470588,0.013752297794117647,0.01437844669117647,0.01650390625,0.017072610294117645,0.015360753676470587,0.01120749080882353,0.5918887867647059,0.10011488970588235,0.006744025735294118,0.003923483455882353,0.0034581801470588234,0.0032111672794117646,0.0031192555147058825,0.004038373161764706,0.004044117647058824,0.006020220588235294,0.008312270220588235,0.011667049632352941,0.015194163602941176,0.021495863970588235,0.02223690257352941,0.034874770220588235,0.0255859375,0.03171530330882353,0.019646139705882353,0.02817095588235294,0.014682904411764706,0.014883961397058823,0.01677389705882353,0.016860064338235295,0.014780560661764705,0.011293658088235294,0.5584903492647059,0.09877642463235294,0.007502297794117647,0.0041015625,0.003980928308823529,0.0038947610294117647,0.003728170955882353,0.005043658088235294,0.005141314338235294,0.007479319852941177,0.010638786764705883,0.014682904411764706,0.018491498161764704,0.02563763786764706,0.02621783088235294,0.03946461397058824,0.02978515625,0.03388097426470588,0.02265625,0.029819623161764706,0.01703814338235294,0.01850873161764706,0.021518841911764706,0.021174172794117648,0.021765854779411765,0.012459788602941177,0.4679802389705882,0.1274069393382353
T20G-3.jpg,20.0,3,174080,100.0,174080,100.0,173748,99.80928308823529,171062,98.26631433823529,167181,96.03687959558823,114162,65.58019301470588,0,0.0,66325,38.10029871323529,66325,38.10029871323529,37606,21.602711397058822,37606,21.602711397058822,10672,6.130514705882352,10672,6.130514705882352,10672,6.130514705882352,1156,0.6640625,178.3849379595588,13.007441244554057,96,189,184.0,163.0,178.0,185.0,186.0,7.0,93,20.281479779411764,158.151050812893,17.00870937446196,96,175,163.0,27.022633272058822,162.9146064071767,16.898290441622862,96,178,166.0,30.975413602941178,164.967267534587,16.67085101614744,96,179,169.0,37.41555606617647,167.6348394822901,16.258827917217367,96,181,174.0,40.832375919117645,168.83690437669702,16.063991766247284,96,182,176.0,0.004406020220588235,0.0021024816176470587,0.002470128676470588,0.002728630514705882,0.002860753676470588,0.0036534926470588236,0.003992417279411764,0.005732996323529411,0.00805951286764706,0.010357306985294117,0.01408547794117647,0.02143841911764706,0.021668198529411764,0.029871323529411766,0.023282398897058822,0.024569163602941178,0.017296645220588235,0.02175436580882353,0.013895909926470587,0.015119485294117647,0.017767693014705883,0.017945772058823528,0.016796875,0.01110983455882353,0.5913832720588236,0.09565142463235295,0.005784696691176471,0.0026769301470588236,0.0030043658088235296,0.0033662683823529414,0.0034237132352941176,0.004084329044117647,0.0044634650735294115,0.006479779411764706,0.00908203125,0.011563648897058824,0.015768612132352942,0.023718979779411765,0.023914292279411765,0.03268037683823529,0.02560891544117647,0.026775045955882353,0.01955422794117647,0.024207261029411765,0.01535500919117647,0.016078814338235294,0.017468979779411763,0.018951056985294118,0.016239659926470588,0.011672794117647059,0.554296875,0.10377987132352941,0.007077205882352941,0.003257123161764706,0.0036822150735294117,0.0039005055147058824,0.004227941176470588,0.005032169117647059,0.005520450367647059,0.007783777573529412,0.011184512867647059,0.014568014705882353,0.019422104779411763,0.028463924632352942,0.028211167279411763,0.037344898897058824,0.030215992647058824,0.031950827205882354,0.02372472426470588,0.027751608455882353,0.018462775735294118,0.018278952205882354,0.021593520220588237,0.022782628676470587,0.021099494485294117,0.013556985294117647,0.47941176470588237,0.11149471507352941,0.007410386029411764,0.003257123161764706,0.003940716911764706,0.0044921875,0.004532398897058824,0.005520450367647059,0.0062327665441176475,0.008467371323529411,0.012275965073529412,0.015952435661764706,0.02077205882352941,0.03019875919117647,0.030095358455882352,0.039286534926470586,0.03161764705882353,0.032990579044117646,0.02461511948529412,0.02985409007352941,0.020737591911764705,0.022886029411764704,0.03022173713235294,0.03127297794117647,0.033432904411764705,0.01650390625,0.38884995404411765,0.14458295036764707
T20G-4.jpg,20.0,4,170918,98.18359375,161810,92.95151654411765,151359,86.94795496323529,135308,77.72748161764706,118245,67.92566636029412,51511,29.590418198529413,0,0.0,82944,47.647058823529406,68157,39.152688419117645,51511,29.590418198529413,43448,24.95863970588235,27463,15.776079963235295,15576,8.947610294117647,15576,8.947610294117647,3074,1.7658547794117647,154.11989889705882,37.87409038643796,31,189,173.0,92.0,136.0,182.0,185.0,46.0,158,20.13039981617647,88.2182746910938,24.48226414763067,31,122,92.0,25.36420036764706,97.02106264438103,27.87908995214486,31,136,99.0,30.32858455882353,104.21891809985605,30.259105253251676,31,145,111.0,35.201056985294116,110.81928261366232,32.581567618994455,31,156,117.0,40.025275735294116,116.66529364487054,34.40010763112788,31,162,122.0,0.0014878216911764705,0.0007927389705882353,0.0006893382352941177,0.0008674172794117647,0.001206341911764706,0.0013729319852941175,0.0018784466911764706,0.003010110294117647,0.005238970588235294,0.009237132352941177,0.017342601102941176,0.030876608455882353,0.041228170955882354,0.05122357536764706,0.03332375919117647,0.03093405330882353,0.014849494485294117,0.020036764705882355,0.006864659926470588,0.005704273897058823,0.006318933823529412,0.006744025735294118,0.005755974264705883,0.0060489430147058825,0.6712660845588235,0.025700827205882352,0.0019646139705882353,0.001011029411764706,0.0009420955882352941,0.0012178308823529412,0.0015280330882352941,0.0019244025735294119,0.0024988511029411763,0.0039005055147058824,0.006881893382352941,0.01164407169117647,0.021036305147058825,0.03669577205882353,0.047122012867647056,0.05803653492647059,0.03752872242647059,0.03416245404411765,0.017365579044117646,0.021231617647058824,0.008048023897058823,0.006594669117647059,0.006560202205882353,0.007284007352941177,0.006060431985294118,0.006135110294117647,0.6208180147058824,0.03180721507352941,0.0022748161764705884,0.0011948529411764707,0.0011431525735294118,0.0014820772058823529,0.0019473805147058824,0.002395450367647059,0.0030847886029411764,0.004802389705882353,0.00832375919117647,0.014171645220588235,0.024885110294117645,0.04284237132352941,0.054440487132352944,0.06425206801470588,0.04230813419117647,0.035851332720588235,0.01896829044117647,0.021472886029411765,0.00849609375,0.007157628676470588,0.00769186580882353,0.008071001838235295,0.00693359375,0.006525735294117647,0.568210018382353,0.04107306985294118,0.0029641544117647058,0.0014476102941176471,0.0014820772058823529,0.0019014246323529411,0.0024356617647058824,0.0029871323529411763,0.003825827205882353,0.005819163602941177,0.009892003676470588,0.01665326286764706,0.02831456801470588,0.04827090992647059,0.060299862132352944,0.06904871323529412,0.04550206801470588,0.03776424632352941,0.020364200367647058,0.021984145220588235,0.009650735294117647,0.00832375919117647,0.008702895220588236,0.009311810661764706,0.008559283088235295,0.006916360294117647,0.5196116727941177,0.04796645220588235
T20G-5.jpg,20.0,5,174080,100.0,168191,96.61707261029412,133158,76.49241727941177,72405,41.592945772058826,41079,23.597771139705884,6510,3.7396599264705883,0,0.0,81825,47.004250919117645,68532,39.36810661764706,50951,29.268727022058822,43399,24.930491727941178,34027,19.546760110294116,25626,14.720818014705884,16281,9.35259650735294,7402,4.252068014705882,125.83527113970588,28.36833462576453,54,187,120.0,92.0,103.0,145.0,164.0,42.0,133,20.40670955882353,89.55356941785836,9.274800830885278,54,97,93.0,25.220588235294116,91.5197248542274,9.304603186008318,54,103,95.0,31.033432904411768,94.66197730596228,10.688992705017967,54,111,96.0,38.07157628676471,97.97440965673331,11.89780614247075,54,113,97.0,40.948414522058826,99.12784254310284,12.216208497372266,54,115,98.0,0.004147518382352941,0.002096737132352941,0.002372472426470588,0.0023322610294117647,0.00234375,0.0024299172794117647,0.0028550091911764704,0.004044117647058824,0.006238511029411765,0.00988625919117647,0.01247702205882353,0.016693474264705882,0.018324908088235295,0.02883731617647059,0.017951516544117647,0.026034007352941178,0.014797794117647058,0.02319623161764706,0.010380284926470588,0.010121783088235295,0.011414292279411764,0.01186236213235294,0.01025390625,0.008243336397058824,0.6732651654411764,0.06740004595588235,0.004572610294117647,0.002257582720588235,0.0027056525735294117,0.002958409926470588,0.0028952205882352942,0.0034696691176470586,0.003911994485294118,0.005859375,0.008771829044117647,0.013114659926470588,0.016498161764705883,0.02197840073529412,0.023546645220588237,0.03450137867647059,0.022690716911764705,0.028573069852941176,0.016733685661764707,0.024477251838235296,0.01198874080882353,0.012258731617647059,0.014188878676470588,0.014154411764705882,0.013373161764705882,0.00844439338235294,0.6010397518382353,0.08503561580882353,0.006680836397058823,0.0033605238970588237,0.003619025735294118,0.003820082720588235,0.003860294117647059,0.004526654411764706,0.004923023897058823,0.007289751838235294,0.010075827205882354,0.014820772058823529,0.0185546875,0.02485638786764706,0.025499770220588237,0.03745404411764706,0.025034466911764707,0.030066636029411765,0.01848575367647059,0.025471047794117647,0.012971047794117648,0.0126953125,0.014148667279411765,0.014142922794117647,0.012459788602941177,0.008771829044117647,0.5531537224264705,0.1032571231617647,0.007146139705882353,0.0034122242647058824,0.003820082720588235,0.003986672794117647,0.004239430147058823,0.004825367647058824,0.005531939338235294,0.007973345588235294,0.01135110294117647,0.016228170955882353,0.020134420955882353,0.027619485294117646,0.027992876838235294,0.040234375,0.026918658088235296,0.03136488970588235,0.019881663602941177,0.026275275735294118,0.013706341911764706,0.013505284926470589,0.014292279411764705,0.013855698529411764,0.011994485294117648,0.008794806985294118,0.531198299632353,0.10371668198529412
T30G-1.jpg,30.0,1,174080,100.0,174080,100.0,174080,100.0,173573,99.70875459558823,168866,97.00482536764706,63195,36.30227481617647,0,0.0,82220,47.23115808823529,63195,36.30227481617647,48803,28.03481158088235,37992,21.824448529411764,23090,13.264016544117647,23090,13.264016544117647,3984,2.2886029411764706,3984,2.2886029411764706,173.89173368566176,11.568486751177307,102,189,178.0,157.0,164.0,184.0,186.0,20.0,87,21.71185661764706,156.7039369245423,7.3253667011428885,102,163,158.0,28.559283088235293,158.45325448547752,7.106205513430068,102,164,160.0,30.947265624999996,158.95842073023593,7.04652904578645,102,165,161.0,35.284352022058826,160.04048971883498,7.221796486850682,102,170,163.0,40.770335477941174,161.826243782847,8.118484215136414,102,175,163.0,0.006881893382352941,0.0041590073529411764,0.004124540441176471,0.003532858455882353,0.0034409466911764705,0.0035271139705882353,0.003532858455882353,0.004923023897058823,0.006405101102941176,0.00788717830882353,0.009018841911764705,0.013229549632352941,0.01213235294117647,0.022828584558823528,0.015561810661764706,0.02204159007352941,0.014079733455882353,0.02194967830882353,0.011735983455882353,0.01259765625,0.015228630514705882,0.01572265625,0.014252068014705882,0.010150505514705883,0.6355066636029412,0.10554917279411764,0.007421875,0.003791360294117647,0.004107306985294118,0.0039005055147058824,0.0036075367647058825,0.0038545496323529414,0.003917738970588235,0.005503216911764706,0.007111672794117647,0.008926930147058823,0.010127527573529412,0.014458869485294118,0.013407628676470587,0.023983226102941176,0.016980698529411763,0.023092830882352942,0.015010340073529412,0.02277688419117647,0.012017463235294118,0.013344439338235294,0.015561810661764706,0.015757123161764707,0.01381548713235294,0.010104549632352942,0.6234777113970589,0.10394071691176471,0.008415670955882353,0.004124540441176471,0.004406020220588235,0.004331341911764706,0.004193474264705882,0.004698988970588235,0.004779411764705883,0.006606158088235294,0.008783318014705882,0.011379825367647058,0.013177849264705882,0.01806640625,0.017365579044117646,0.02783203125,0.020278033088235295,0.025965073529411766,0.016957720588235293,0.025247012867647058,0.013556985294117647,0.014418658088235295,0.016233915441176472,0.016325827205882354,0.013930376838235295,0.010546875,0.5819393382352941,0.10643956801470589,0.009403722426470588,0.004296875,0.004819623161764706,0.004842601102941177,0.004831112132352941,0.005755974264705883,0.005951286764705882,0.008473115808823529,0.010926011029411764,0.014343979779411764,0.016561351102941175,0.021892233455882353,0.022012867647058825,0.03195657169117647,0.024333639705882353,0.029279641544117645,0.020031020220588235,0.02700482536764706,0.015619255514705882,0.01652688419117647,0.019175091911764707,0.018853400735294117,0.017417279411764706,0.011735983455882353,0.5146139705882353,0.11934168198529412
T30G-2.jpg,30.0,2,174080,100.0,174080,100.0,174080,100.0,173238,99.51631433823529,168315,96.68830422794117,97292,55.889246323529406,0,0.0,83145,47.762522977941174,55336,31.787683823529413,33954,19.504825367647058,33954,19.504825367647058,33954,19.504825367647058,5229,3.0037913602941178,5229,3.0037913602941178,5229,3.0037913602941178,177.98899356617648,10.499750224530683,110,190,182.0,163.0,176.0,185.0,186.0,9.0,80,20.223460477941178,160.49688964635706,10.458937514680105,110,173,163.0,27.752757352941178,164.45301374399736,11.042262275455014,110,176,166.0,31.082835477941178,165.79724260289416,11.132269127663905,110,177,168.0,40.1125919117647,168.68269175688835,11.168843275313467,110,179,173.0,40.1125919117647,168.68269175688835,11.168843275313467,110,179,173.0,0.005537683823529412,0.003113511029411765,0.003705193014705882,0.0036822150735294117,0.0039005055147058824,0.004727711397058823,0.00458984375,0.00595703125,0.00805951286764706,0.0099609375,0.011724494485294118,0.01587201286764706,0.015739889705882353,0.024052159926470588,0.017491957720588234,0.020783547794117646,0.013729319852941176,0.020496323529411765,0.012126608455882353,0.013091681985294118,0.014872472426470587,0.013895909926470587,0.013809742647058823,0.007599954044117647,0.6411764705882353,0.09030330882352941,0.0064912683823529415,0.0033835018382352942,0.0038832720588235295,0.0038430606617647057,0.004245174632352941,0.005267693014705883,0.005043658088235294,0.0064453125,0.00881204044117647,0.01088579963235294,0.012833180147058823,0.017491957720588234,0.017032398897058824,0.02505170036764706,0.019077435661764706,0.021599264705882353,0.015464154411764706,0.022294347426470587,0.013936121323529413,0.01614200367647059,0.018255974264705883,0.017474724264705883,0.017491957720588234,0.00930032169117647,0.59609375,0.10215992647058823,0.00842141544117647,0.004578354779411765,0.005583639705882353,0.005060891544117647,0.005336626838235294,0.006497012867647059,0.006043198529411765,0.007823988970588235,0.010788143382352941,0.013195082720588235,0.01550436580882353,0.021174172794117648,0.020059742647058825,0.028159466911764706,0.022840073529411763,0.02466107536764706,0.019221047794117648,0.026045496323529413,0.017388556985294117,0.018853400735294117,0.021174172794117648,0.020352711397058822,0.01907169117647059,0.011552159926470589,0.5015337775735295,0.13907973345588234,0.00842141544117647,0.004578354779411765,0.005583639705882353,0.005060891544117647,0.005336626838235294,0.006497012867647059,0.006043198529411765,0.007823988970588235,0.010788143382352941,0.013195082720588235,0.01550436580882353,0.021174172794117648,0.020059742647058825,0.028159466911764706,0.022840073529411763,0.02466107536764706,0.019221047794117648,0.026045496323529413,0.017388556985294117,0.018853400735294117,0.021174172794117648,0.020352711397058822,0.01907169117647059,0.011552159926470589,0.5015337775735295,0.13907973345588234
T30G-3.jpg,30.0,3,174080,100.0,174080,100.0,174080,100.0,174017,99.96380974264706,168146,96.5912224264706,97205,55.83926930147059,0,0.0,82237,47.2409237132353,51634,29.66107536764706,51634,29.66107536764706,30370,17.446001838235293,30370,17.446001838235293,4652,2.6723345588235294,4652,2.6723345588235294,4652,2.6723345588235294,177.61368336397058,10.392860414732281,128,189,182.0,162.0,175.0,185.0,186.0,10.0,61,20.929457720588236,160.08895537135643,8.541720530152807,128,172,162.0,27.383961397058826,163.39379064401092,9.556904267289008,128,175,165.0,30.139590992647058,164.54636247546077,9.807392815777154,128,176,166.0,36.29997702205882,166.74440980519378,10.175542188220634,128,178,169.0,40.23150275735294,167.94205754265724,10.327963103524011,128,179,172.0,0.005750229779411765,0.0026654411764705883,0.00322265625,0.0035386029411764706,0.003664981617647059,0.004923023897058823,0.005290670955882353,0.0063706341911764705,0.00832375919117647,0.010386029411764705,0.013218060661764706,0.016394761029411765,0.016411994485294117,0.02529296875,0.017233455882352942,0.02279986213235294,0.014539292279411765,0.02219094669117647,0.012586167279411765,0.013241038602941176,0.013826976102941176,0.012614889705882353,0.011465992647058823,0.007381663602941176,0.6442670036764706,0.08239889705882353,0.006307444852941177,0.003061810661764706,0.003705193014705882,0.0038947610294117647,0.0038430606617647057,0.005336626838235294,0.0055606617647058825,0.006853170955882353,0.00900735294117647,0.01115579044117647,0.014091222426470588,0.017451746323529412,0.01754940257352941,0.02644186580882353,0.018813189338235295,0.024247472426470587,0.01565372242647059,0.023650045955882354,0.013252527573529412,0.013717830882352941,0.01535500919117647,0.013809742647058823,0.012758501838235294,0.008191636029411765,0.6118508731617647,0.09443933823529412,0.00769186580882353,0.0034926470588235296,0.004354319852941177,0.00476217830882353,0.004704733455882353,0.006422334558823529,0.006364889705882353,0.00808249080882353,0.010650275735294118,0.013195082720588235,0.016423483455882352,0.020002297794117645,0.020318244485294117,0.02909581801470588,0.022501148897058825,0.02631548713235294,0.018939568014705883,0.02585018382352941,0.01650390625,0.018026194852941175,0.020036764705882355,0.018255974264705883,0.017566636029411765,0.010690487132352941,0.52919921875,0.12055376838235295,0.008651194852941177,0.0041015625,0.00505514705882353,0.005170036764705882,0.005210248161764706,0.006991038602941177,0.006893382352941176,0.008806295955882353,0.011626838235294118,0.014510569852941177,0.01752642463235294,0.021989889705882355,0.02204733455882353,0.031146599264705883,0.02489659926470588,0.028165211397058822,0.020743336397058824,0.028193933823529412,0.017859604779411765,0.019491038602941175,0.021231617647058824,0.019571461397058825,0.017756204044117648,0.011994485294117648,0.48684512867647056,0.13352481617647058
T30G-4.jpg,30.0,4,173754,99.81272977941177,162798,93.51907169117646,90703,52.10420496323529,17385,9.986787683823529,2865,1.6457950367647058,246,0.1413143382352941,0,0.0,85125,48.89993106617647,67809,38.952780330882355,48424,27.817095588235297,41639,23.91946231617647,34050,19.559972426470587,23599,13.556410845588236,17385,9.986787683823529,8237,4.731732536764706,105.02856732536765,18.196331008496987,35,187,101.0,88.0,92.0,115.0,130.0,23.0,152,21.720473345588236,83.73372828013012,8.430731336445433,35,90,88.0,25.630744485294116,84.8990990183334,8.234866687167992,35,92,89.0,31.084558823529413,86.52531785925488,8.274142714365528,35,95,89.0,35.89384191176471,87.79479546763972,8.34894402457919,35,96,90.0,43.194508272058826,89.35064434189353,8.356117713830898,35,97,90.0,0.0049517463235294115,0.0027228860294117646,0.0025620404411764706,0.0021197150735294116,0.0022231158088235293,0.0026941636029411764,0.0026596966911764707,0.004038373161764706,0.006376378676470588,0.008737362132352941,0.011040900735294118,0.015423943014705883,0.01618221507352941,0.02670611213235294,0.018715533088235294,0.024919577205882355,0.015596277573529412,0.02370749080882353,0.011667049632352941,0.012385110294117646,0.013953354779411765,0.014533547794117647,0.011873851102941176,0.009466911764705882,0.6558938419117647,0.07884880514705882,0.005635340073529412,0.002975643382352941,0.002912454044117647,0.0027803308823529413,0.002797564338235294,0.0036362591911764707,0.003647748161764706,0.0054859834558823525,0.008352481617647059,0.01103515625,0.013683363970588235,0.018784466911764705,0.01950252757352941,0.030824908088235296,0.02253561580882353,0.027527573529411764,0.01799747242647059,0.025735294117647058,0.013832720588235294,0.015544577205882353,0.01999655330882353,0.01960592830882353,0.019399126838235293,0.011029411764705883,0.5658088235294118,0.10893267463235294,0.006387867647058823,0.003860294117647059,0.0038947610294117647,0.0037568933823529413,0.0036534926470588236,0.0044175091911764705,0.004216452205882353,0.006066176470588235,0.009386488970588235,0.011948529411764705,0.014757582720588235,0.02023782169117647,0.021076516544117647,0.03205997242647059,0.023650045955882354,0.027941176470588237,0.018612132352941176,0.026229319852941177,0.014659926470588235,0.01691750919117647,0.020697380514705883,0.02021484375,0.01838235294117647,0.01245404411764706,0.5062787224264705,0.1482421875,0.009725413602941177,0.00519875919117647,0.00500344669117647,0.0042049632352941175,0.004067095588235294,0.005032169117647059,0.004831112132352941,0.0066923253676470585,0.010518152573529413,0.013758042279411764,0.01689453125,0.023161764705882354,0.02365579044117647,0.03562729779411765,0.026447610294117647,0.03098575367647059,0.020955882352941175,0.027975643382352942,0.015665211397058825,0.016974954044117647,0.02002527573529412,0.01974954044117647,0.017836626838235295,0.0130859375,0.48231272977941175,0.1396139705882353
T30G-5.jpg,30.0,5,174080,100.0,174080,100.0,173120,99.44852941176471,147620,84.80009191176471,84834,48.732766544117645,1599,0.9185431985294118,0,0.0,84834,48.732766544117645,67640,38.85569852941176,48167,27.669462316176467,41508,23.84420955882353,33205,19.074563419117645,23494,13.496093749999998,17131,9.84087775735294,8318,4.778262867647059,149.18366842830883,16.974902837437032,96,189,150.0,125.0,141.0,161.0,170.0,20.0,93,20.441750919117645,122.9172685120135,9.759494303352467,96,136,125.0,25.502642463235293,126.19655366595337,10.962174645213162,96,141,128.0,30.715188419117645,129.04034113224486,11.809214815090327,96,144,131.0,36.03860294117647,131.48490499872483,12.38439767119497,96,146,133.0,42.517233455882355,133.91806955440862,12.7660992940347,96,148,138.0,0.004974724264705882,0.0024011948529411766,0.003061810661764706,0.0033835018382352942,0.003934972426470588,0.005296415441176471,0.0048138786764705885,0.006043198529411765,0.007869944852941176,0.010477941176470587,0.01218405330882353,0.01537798713235294,0.015130974264705882,0.021857766544117647,0.015762867647058823,0.02024356617647059,0.013355928308823529,0.018928079044117647,0.011000689338235295,0.01169577205882353,0.01162109375,0.011000689338235295,0.010018382352941177,0.006623391544117647,0.6738396139705882,0.0791015625,0.006181066176470588,0.0028664981617647057,0.003676470588235294,0.004210707720588235,0.004704733455882353,0.006181066176470588,0.0056640625,0.007582720588235294,0.009507123161764705,0.012666590073529412,0.014642693014705882,0.018451286764705883,0.017963005514705883,0.02431640625,0.019565716911764706,0.022547104779411766,0.016366038602941176,0.021231617647058824,0.013241038602941176,0.0140625,0.014539292279411765,0.014240579044117647,0.014056755514705883,0.008111213235294118,0.6128561580882353,0.09056755514705882,0.007002527573529412,0.003561580882352941,0.004779411764705883,0.005147058823529412,0.005698529411764706,0.007146139705882353,0.006508501838235294,0.008588005514705883,0.010931755514705882,0.014326746323529411,0.01606732536764706,0.020818014705882352,0.01999080882352941,0.02637293198529412,0.022081801470588237,0.024396829044117645,0.018612132352941176,0.023965992647058825,0.016251148897058823,0.017457490808823528,0.017704503676470588,0.017107077205882355,0.015596277573529412,0.009978170955882352,0.5374253216911765,0.12248391544117647,0.009001608455882352,0.00427389705882353,0.005417049632352941,0.005893841911764706,0.006525735294117647,0.008231847426470588,0.007508042279411765,0.0099609375,0.012867647058823529,0.016831341911764705,0.018669577205882353,0.024551930147058823,0.023259420955882352,0.030129825367647058,0.026189108455882352,0.02809627757352941,0.021817555147058822,0.026987591911764707,0.01791704963235294,0.018388097426470587,0.019617417279411766,0.0193359375,0.017698759191176472,0.010948988970588235,0.47804457720588234,0.1318359375
T40G-1.jpg,40.0,1,174054,99.98506433823529,172180,98.90854779411765,163328,93.82352941176471,102892,59.1061580882353,42734,24.54848345588235,10211,5.865693933823529,0,0.0,82377,47.32134650735294,69396,39.86443014705882,51155,29.385914522058826,42734,24.54848345588235,33749,19.38706341911765,25881,14.867302389705884,17170,9.86328125,8435,4.8454733455882355,135.5037109375,23.43258350427509,48,189,134.0,112.0,120.0,150.0,171.0,30.0,141,20.040211397058822,105.71315140744139,13.077995015452949,48,118,112.0,28.49551930147059,109.82588448745086,12.666745046933963,48,120,114.0,30.900160845588236,110.69545091186258,12.52681225977198,48,121,115.0,35.603170955882355,112.36661395979219,12.438206874314439,48,125,117.0,40.8938419117647,114.39752486374108,12.755662945482367,48,130,119.0,0.005020680147058824,0.0028205422794117647,0.002797564338235294,0.0025907628676470587,0.003015854779411765,0.003877527573529412,0.004147518382352941,0.006014476102941177,0.00844439338235294,0.01062155330882353,0.013154871323529412,0.01848000919117647,0.019129136029411766,0.027527573529411764,0.02168543198529412,0.026476332720588237,0.018198529411764707,0.024034926470588237,0.014073988970588236,0.014131433823529412,0.015900735294117646,0.016389016544117646,0.015573299632352941,0.011420036764705882,0.5959156709558824,0.09855813419117647,0.005451516544117647,0.002734375,0.0029698988970588234,0.002745863970588235,0.0033145680147058823,0.004377297794117647,0.0047679227941176475,0.006525735294117647,0.009357766544117647,0.011942784926470587,0.01467141544117647,0.02072610294117647,0.02060546875,0.02980813419117647,0.023477711397058825,0.02780330882352941,0.019646139705882353,0.02492532169117647,0.014665670955882353,0.01474609375,0.015711167279411766,0.01667049632352941,0.015521599264705883,0.01196576286764706,0.5781422334558823,0.09672564338235294,0.006353400735294118,0.0029239430147058824,0.0032801011029411765,0.003435202205882353,0.004072840073529412,0.005187270220588235,0.005583639705882353,0.008243336397058824,0.01088579963235294,0.014751838235294117,0.01808938419117647,0.02451171875,0.025666360294117646,0.03405905330882353,0.02633846507352941,0.031479779411764705,0.021989889705882355,0.027533318014705883,0.016009880514705883,0.016124770220588235,0.016716452205882353,0.01731387867647059,0.014751838235294117,0.011827895220588235,0.5327205882352941,0.10014935661764705,0.0072265625,0.0031192555147058825,0.003837316176470588,0.004130284926470588,0.004842601102941177,0.006209788602941176,0.006703814338235294,0.00984030330882353,0.013419117647058823,0.01760684742647059,0.021616498161764707,0.029262408088235294,0.030698529411764704,0.03940716911764706,0.03091107536764706,0.03465647977941176,0.024402573529411765,0.029440487132352942,0.017101332720588235,0.015808823529411764,0.016124770220588235,0.0166015625,0.013660386029411765,0.011661305147058824,0.4895220588235294,0.10218864889705882
T40G-2.jpg,40.0,2,174080,100.0,174080,100.0,174080,100.0,171545,98.54377297794117,154767,88.90567555147058,20218,11.614200367647058,0,0.0,80516,46.252297794117645,67350,38.689108455882355,49858,28.640854779411768,42142,24.20840992647059,34542,19.842601102941178,24638,14.15326286764706,15396,8.844209558823529,7516,4.317555147058823,166.5162166819853,12.775998988830883,101,188,167.0,150.0,160.0,176.0,182.0,16.0,87,22.203010110294116,148.33742982070322,9.863099077052365,101,158,151.0,26.51999080882353,150.1520599575445,9.920771507173006,101,160,152.0,33.216911764705884,152.45987825124516,9.985908476905825,101,162,156.0,37.43795955882353,153.6482538513472,9.979415205695622,101,163,157.0,40.747931985294116,154.48913074125244,9.974796332337826,101,164,158.0,0.00568704044117647,0.0024816176470588234,0.002998621323529412,0.0034524356617647058,0.003969439338235294,0.0051815257352941175,0.004957490808823529,0.006307444852941177,0.008243336397058824,0.009834558823529412,0.01181640625,0.015780101102941178,0.01572265625,0.02317325367647059,0.017934283088235293,0.022478170955882355,0.015952435661764706,0.0220703125,0.01316061580882353,0.013608685661764706,0.014964384191176471,0.013740808823529412,0.012557444852941177,0.0083984375,0.6430376838235294,0.08249080882352941,0.007163373161764706,0.0034811580882352943,0.004176240808823529,0.004434742647058823,0.005083869485294118,0.006652113970588235,0.00598000919117647,0.0075597426470588236,0.009616268382352942,0.011776194852941176,0.013895909926470587,0.01806640625,0.018187040441176472,0.02512637867647059,0.020662913602941178,0.024011948529411766,0.01838235294117647,0.024546185661764707,0.016302849264705883,0.01633157169117647,0.018347886029411765,0.01708984375,0.014717371323529412,0.010047104779411765,0.5563763786764706,0.12198414522058823,0.008915441176470588,0.004314108455882353,0.004750689338235294,0.004744944852941176,0.0055606617647058825,0.00749655330882353,0.006640625,0.008565027573529413,0.010874310661764705,0.013344439338235294,0.015435431985294118,0.020318244485294117,0.019715073529411764,0.026935891544117647,0.02273092830882353,0.02616613051470588,0.020151654411764707,0.026223575367647058,0.016739430147058823,0.017026654411764704,0.018859145220588236,0.017204733455882353,0.015435431985294118,0.01025390625,0.5253044577205882,0.12629250919117646,0.009501378676470587,0.004428998161764706,0.0051815257352941175,0.0054400275735294115,0.006129365808823529,0.008335248161764706,0.007146139705882353,0.009340533088235294,0.011810661764705882,0.014447380514705883,0.01637752757352941,0.021587775735294117,0.020875459558823528,0.028791360294117645,0.02407513786764706,0.027136948529411765,0.020875459558823528,0.026999080882352942,0.017457490808823528,0.018462775735294118,0.02099609375,0.018388097426470587,0.016096047794117645,0.010460707720588235,0.4895220588235294,0.14013671875
T40G-3.jpg,40.0,3,174080,100.0,174080,100.0,173992,99.94944852941177,160203,92.02837775735294,110548,63.50413602941176,20244,11.629136029411764,0,0.0,80185,46.062155330882355,69504,39.9264705882353,48446,27.829733455882355,42470,24.396829044117645,34639,19.898322610294116,22744,13.065257352941176,16957,9.740923713235293,5987,3.4392233455882355,155.53129021139705,18.601627959469667,96,189,157.0,133.0,141.0,167.0,182.0,26.0,93,20.623276654411764,129.30001949806413,7.935643850998429,96,138,133.0,27.108226102941174,131.93458359821997,8.374016892914439,96,141,135.0,30.716911764705884,133.11708931777378,8.508226718827155,96,142,135.0,35.42049632352941,134.6620499513461,8.875472692693634,96,148,136.0,41.42061121323529,137.30692739754525,10.452988387372464,96,155,139.0,0.005376838235294118,0.0031020220588235292,0.0035903033088235292,0.0038315716911764704,0.003130744485294118,0.0038315716911764704,0.003659237132352941,0.004831112132352941,0.0069048713235294115,0.008783318014705882,0.010443474264705882,0.014148667279411765,0.013602941176470588,0.02421875,0.01569393382352941,0.023529411764705882,0.013614430147058824,0.02243221507352941,0.011379825367647058,0.01181640625,0.01381548713235294,0.0142578125,0.013235294117647059,0.009001608455882352,0.6302159926470589,0.11155215992647059,0.007565487132352941,0.004153262867647059,0.004549632352941177,0.004009650735294117,0.0033662683823529414,0.004256663602941176,0.004153262867647059,0.005296415441176471,0.007427619485294117,0.00954733455882353,0.011517693014705883,0.01569967830882353,0.015125229779411765,0.026223575367647058,0.017279411764705883,0.02524126838235294,0.01457375919117647,0.02338579963235294,0.011661305147058824,0.012138097426470588,0.013545496323529412,0.0138671875,0.012224264705882353,0.00903033088235294,0.6186465992647059,0.10551470588235294,0.008553538602941177,0.0040958180147058825,0.0046472886029411764,0.004773667279411765,0.003992417279411764,0.00478515625,0.004641544117647059,0.006261488970588236,0.009087775735294118,0.011667049632352941,0.014728860294117647,0.020002297794117645,0.019927619485294118,0.030888097426470588,0.020743336397058824,0.028475413602941178,0.01675091911764706,0.025718060661764706,0.013017003676470589,0.013200827205882353,0.013585707720588236,0.014470358455882354,0.012034696691176471,0.009283088235294118,0.5808191636029412,0.10384880514705883,0.009150965073529412,0.004365808823529412,0.004940257352941176,0.005210248161764706,0.004618566176470588,0.005922564338235294,0.005997242647058824,0.007829733455882353,0.01162109375,0.014286534926470588,0.01799172794117647,0.02424172794117647,0.02467830882352941,0.03479434742647059,0.025017233455882353,0.03051470588235294,0.01958295036764706,0.02707950367647059,0.016279871323529413,0.017830882352941176,0.020323988970588236,0.02055376838235294,0.020197610294117648,0.011684283088235294,0.4738453584558823,0.1414407169117647
T40G-4.jpg,40.0,4,174080,100.0,174080,100.0,173579,99.7122012867647,158113,90.82778033088236,103480,59.44393382352941,20742,11.915211397058824,0,0.0,82270,47.259880514705884,66423,38.15659466911765,49744,28.575367647058826,43175,24.801815257352942,34180,19.63465073529412,25437,14.612247242647058,16494,9.474954044117649,7211,4.142348345588235,153.8868221507353,19.001459673578807,88,189,156.0,132.0,140.0,164.0,183.0,24.0,101,21.183363970588236,128.01304371406877,8.900677565390648,88,137,133.0,25.86684283088235,130.039108130316,9.141340494342224,88,140,134.0,33.41164981617647,132.63861905335006,9.376434673627458,88,142,135.0,35.31077665441176,133.19588735785518,9.415548936964864,88,143,135.0,40.55606617647059,134.95498583569406,9.928087709441915,88,150,137.0,0.004790900735294118,0.0021599264705882354,0.0024184283088235295,0.0029354319852941176,0.002814797794117647,0.003676470588235294,0.0038947610294117647,0.005095358455882353,0.007375919117647059,0.01005859375,0.011799172794117647,0.015452665441176471,0.01630859375,0.02653952205882353,0.017664292279411766,0.024017693014705882,0.014321001838235294,0.02340877757352941,0.012833180147058823,0.013057215073529412,0.016256893382352942,0.01515969669117647,0.01606158088235294,0.009191176470588236,0.6257123161764706,0.09699563419117647,0.008191636029411765,0.0038430606617647057,0.0039005055147058824,0.004032628676470589,0.003911994485294118,0.004831112132352941,0.004865579044117647,0.006474034926470589,0.00854779411764706,0.011546415441176471,0.01374655330882353,0.018393841911764706,0.01862362132352941,0.02876263786764706,0.020278033088235295,0.02588465073529412,0.01662454044117647,0.02448299632352941,0.013723575367647059,0.013637408088235294,0.015607766544117647,0.016009880514705883,0.014596737132352941,0.009978170955882352,0.5787683823529411,0.11073644301470588,0.008490349264705882,0.003923483455882353,0.003889016544117647,0.004308363970588236,0.004055606617647059,0.005066636029411765,0.005095358455882353,0.006922104779411764,0.009196920955882353,0.01255170036764706,0.014860983455882352,0.019806985294117646,0.020145909926470588,0.029865579044117647,0.021639476102941178,0.02690142463235294,0.017520680147058824,0.025373391544117645,0.014091222426470588,0.013735064338235294,0.015389476102941177,0.015515854779411765,0.014010799632352942,0.010098805147058824,0.5691463694852941,0.1083984375,0.00942095588235294,0.0040958180147058825,0.004291130514705883,0.005032169117647059,0.004756433823529411,0.005997242647058824,0.006267233455882353,0.008628216911764706,0.011672794117647059,0.01550436580882353,0.018887867647058822,0.024333639705882353,0.025155101102941176,0.034874770220588235,0.025132123161764705,0.03073299632352941,0.020059742647058825,0.028107766544117646,0.015751378676470588,0.015217141544117647,0.015739889705882353,0.016021369485294118,0.013798253676470588,0.010173483455882353,0.5184397977941176,0.11190831801470588
T40G-5.jpg,40.0,5,174080,100.0,173229,99.5111443014706,169749,97.51206341911765,161802,92.94692095588235,133331,76.591796875,49640,28.515625,0,0.0,79026,45.396369485294116,69518,39.93451286764706,49640,28.515625,39931,22.938304227941174,31355,18.01183363970588,18960,10.89154411764706,3173,1.8227251838235294,3173,1.8227251838235294,162.40753102022057,22.151693291128993,65,189,164.0,135.0,153.0,183.0,186.0,30.0,124,20.057444852941174,127.87054645434758,17.951350089662697,65,144,135.0,25.415326286764707,132.3711999638361,18.210280875541752,65,153,139.0,30.89613970588235,136.45067306262087,18.70995706102513,65,156,141.0,36.19427849264706,139.45869506562764,18.750594132574577,65,157,142.0,40.026999080882355,141.27170309562422,18.681085025080442,65,159,144.0,0.004658777573529412,0.0016142003676470587,0.002309283088235294,0.0029181985294117647,0.0031824448529411764,0.00390625,0.0042796415441176475,0.005997242647058824,0.00803079044117647,0.011259191176470588,0.014665670955882353,0.019743795955882354,0.02055951286764706,0.02888327205882353,0.020651424632352942,0.02421875,0.01564797794117647,0.021162683823529413,0.011241957720588235,0.010948988970588235,0.010075827205882354,0.010483685661764705,0.008944163602941176,0.007284007352941177,0.6685259650735295,0.058806295955882354,0.005526194852941177,0.0024471507352941176,0.0030847886029411764,0.0037109375,0.00390625,0.004911534926470588,0.005342371323529412,0.007042738970588235,0.009461167279411764,0.012827435661764705,0.016216681985294117,0.022317325367647058,0.02228860294117647,0.03110064338235294,0.02297219669117647,0.02545955882352941,0.01706686580882353,0.02204159007352941,0.013246783088235294,0.01428079044117647,0.01548138786764706,0.015085018382352941,0.014441636029411765,0.00915670955882353,0.5786017922794118,0.10198184742647058,0.007479319852941177,0.003550091911764706,0.003923483455882353,0.0038947610294117647,0.0045381433823529415,0.005463005514705882,0.005773207720588236,0.007726332720588236,0.01049517463235294,0.014079733455882353,0.017635569852941176,0.024310661764705883,0.024276194852941177,0.033025045955882355,0.025373391544117645,0.02734375,0.01904296875,0.02317325367647059,0.014321001838235294,0.014493336397058824,0.015561810661764706,0.014975873161764706,0.01316061580882353,0.009713924632352941,0.5553423713235294,0.10132697610294118,0.00805376838235294,0.0037166819852941175,0.003998161764705882,0.004388786764705882,0.004911534926470588,0.0060546875,0.006514246323529412,0.008771829044117647,0.01171875,0.016124770220588235,0.020174632352941178,0.027533318014705883,0.02741842830882353,0.03603515625,0.02805032169117647,0.0298828125,0.02073184742647059,0.024913832720588235,0.015268841911764705,0.015366498161764705,0.01636029411764706,0.015205652573529412,0.013321461397058823,0.009914981617647058,0.5242934283088235,0.10127527573529412
T50G-1.jpg,50.0,1,174080,100.0,174080,100.0,172940,99.34512867647058,149709,86.00011488970588,76636,44.0234375,1973,1.1333869485294117,0,0.0,82540,47.41498161764706,66285,38.077320772058826,50227,28.852826286764703,40880,23.483455882352942,34063,19.567440257352942,23505,13.502412683823529,16570,9.51861213235294,8251,4.739774816176471,148.01934742647057,16.471079342933376,96,189,149.0,125.0,141.0,159.0,167.0,18.0,93,20.646254595588236,123.12809882863581,10.243840252829127,96,136,126.0,27.01746323529412,126.97884419118898,11.34495416422256,96,141,130.0,31.27585018382353,129.08803379557352,11.808571279456467,96,143,132.0,36.07249540441176,131.14679512700056,12.188908298478083,96,145,134.0,44.25608915441177,133.99100478965747,12.522011754063742,96,147,138.0,0.005284926470588236,0.0024758731617647058,0.002573529411764706,0.0034524356617647058,0.0035903033088235292,0.004641544117647059,0.004974724264705882,0.006560202205882353,0.008507582720588235,0.010908777573529411,0.012798713235294117,0.016693474264705882,0.017710248161764707,0.02714269301470588,0.019766773897058824,0.02507467830882353,0.016440716911764706,0.024477251838235296,0.01306295955882353,0.012856158088235294,0.013488051470588236,0.012890625,0.010868566176470588,0.007984834558823529,0.6363396139705882,0.07943474264705883,0.006531479779411765,0.002728630514705882,0.0028894761029411766,0.003825827205882353,0.004118795955882353,0.005365349264705882,0.005853630514705882,0.007657398897058823,0.010024126838235295,0.01271829044117647,0.014849494485294117,0.019829963235294117,0.020145909926470588,0.029698988970588234,0.02297794117647059,0.02724609375,0.019152113970588237,0.026303998161764704,0.014608226102941177,0.014005055147058824,0.014252068014705882,0.01391888786764706,0.012149586397058824,0.008565027573529413,0.5950942095588235,0.08548943014705883,0.00720358455882353,0.003205422794117647,0.003486902573529412,0.004469209558823529,0.004854090073529412,0.0063246783088235295,0.006749770220588236,0.00871438419117647,0.01142578125,0.0142578125,0.01694048713235294,0.021742876838235295,0.022931985294117645,0.03151999080882353,0.025517003676470588,0.028768382352941175,0.020783547794117646,0.027768841911764704,0.01652688419117647,0.017210477941176472,0.019295726102941176,0.01755514705882353,0.01650390625,0.009851792279411764,0.5188648897058824,0.11752642463235294,0.009765625,0.004957490808823529,0.005014935661764706,0.005945542279411764,0.0060029871323529415,0.007663143382352941,0.008071001838235295,0.010512408088235295,0.013488051470588236,0.01704388786764706,0.019370404411764706,0.025993795955882353,0.02614315257352941,0.03551815257352941,0.02936580882352941,0.031962316176470586,0.024006204044117647,0.03083639705882353,0.019278492647058824,0.019651884191176472,0.01977251838235294,0.01860064338235294,0.015958180147058822,0.011046645220588236,0.45454963235294116,0.12948069852941177
T50G-2.jpg,50.0,2,173964,99.93336397058825,170480,97.93198529411765,151201,86.85719209558823,94830,54.47495404411765,44922,25.805376838235293,5726,3.2892922794117645,0,0.0,84960,48.80514705882353,69133,39.71335018382353,50599,29.06652113970588,43352,24.903492647058822,29878,17.163373161764707,25829,14.837431066176471,15914,9.141773897058822,7641,4.389361213235294,131.84115349264707,25.574836972490257,47,190,133.0,97.0,115.0,152.0,164.0,37.0,143,20.37109375,96.47340815520839,12.076138832128503,47,112,97.0,26.14889705882353,100.27629613356767,12.835025281591335,47,115,100.0,30.194738051470587,102.53828738846717,13.259831815944201,47,118,106.0,37.504021139705884,105.86586916231408,13.68738584681064,47,120,112.0,40.726677389705884,107.1203718069876,13.816189788002667,47,123,112.0,0.005037913602941177,0.0022690716911764708,0.002642463235294118,0.0026654411764705883,0.0030675551470588235,0.0036362591911764707,0.0035213694852941177,0.0051355698529411764,0.0070886948529411764,0.009782858455882353,0.013028492647058824,0.01872702205882353,0.019519761029411765,0.029044117647058824,0.020490579044117645,0.02489659926470588,0.01611902573529412,0.02274816176470588,0.011845128676470588,0.01196001838235294,0.011615349264705883,0.011063878676470589,0.009150965073529412,0.006973805147058824,0.6612074908088236,0.06676240808823529,0.0056066176470588236,0.0025677849264705882,0.0028952205882352942,0.0031652113970588236,0.0035386029411764706,0.004262408088235294,0.004044117647058824,0.005934053308823529,0.008295036764705882,0.011701516544117647,0.015458409926470589,0.021673943014705883,0.022076056985294117,0.03219209558823529,0.02333984375,0.02700482536764706,0.017761948529411764,0.024109604779411764,0.012971047794117648,0.01352826286764706,0.01389016544117647,0.013396139705882352,0.01320657169117647,0.007703354779411765,0.6035845588235295,0.08609260110294117,0.007927389705882353,0.0037109375,0.003992417279411764,0.0040211397058823525,0.004216452205882353,0.004986213235294117,0.004974724264705882,0.0070886948529411764,0.009662224264705883,0.013752297794117647,0.017537913602941175,0.024569163602941178,0.024695542279411765,0.03432904411764706,0.026039751838235294,0.028963694852941178,0.019611672794117647,0.025557215073529413,0.014343979779411764,0.014935661764705883,0.01440716911764706,0.014188878676470588,0.012632123161764706,0.008961397058823529,0.5516946231617647,0.10319967830882353,0.00857077205882353,0.0036247702205882354,0.004193474264705882,0.004434742647058823,0.004543887867647059,0.005526194852941177,0.005342371323529412,0.007858455882352941,0.010874310661764705,0.015596277573529412,0.019686351102941178,0.02727481617647059,0.027740119485294118,0.037465533088235296,0.028257123161764704,0.03117532169117647,0.021380974264705883,0.026912913602941176,0.015412454044117648,0.015343520220588235,0.01488970588235294,0.014028033088235295,0.012092141544117647,0.009127987132352942,0.5271886488970589,0.10145909926470588
T50G-3.jpg,50.0,3,174080,100.0,174080,100.0,172989,99.37327665441177,161017,92.49597886029412,124546,71.54526654411765,7513,4.315831801470589,0,0.0,81110,46.59352022058824,69483,39.91440716911765,51215,29.42038143382353,42607,24.475528492647058,31939,18.34731158088235,20968,12.045036764705882,16697,9.591567095588236,7513,4.315831801470589,158.60245863970587,17.959637162953594,96,188,163.0,134.0,147.0,172.0,177.0,25.0,92,21.022518382352942,130.69778117827084,13.788069903919311,96,145,135.0,25.269416360294116,133.35158789697425,13.894742337969245,96,147,139.0,30.409581801470587,136.15242646919924,14.117570569866906,96,152,141.0,37.05365349264706,139.76728214191587,14.96242324293907,96,158,144.0,40.720358455882355,141.54284343876083,15.349143827628929,96,160,145.0,0.00671530330882353,0.003073299632352941,0.0033605238970588237,0.0040498621323529415,0.003917738970588235,0.004911534926470588,0.0051355698529411764,0.006008731617647059,0.00793313419117647,0.00947265625,0.010363051470588235,0.012810202205882353,0.012741268382352941,0.02095013786764706,0.013017003676470589,0.0193359375,0.011224724264705882,0.018187040441176472,0.00844439338235294,0.008490349264705882,0.008702895220588236,0.007726332720588236,0.00651999080882353,0.00456686580882353,0.709036075367647,0.07330537683823529,0.008208869485294118,0.003676470588235294,0.004067095588235294,0.004917279411764706,0.004727711397058823,0.005830652573529412,0.005876608455882353,0.007261029411764706,0.00915670955882353,0.010926011029411764,0.012258731617647059,0.01476907169117647,0.015021829044117647,0.023052619485294117,0.015475643382352942,0.020938648897058824,0.013390395220588235,0.020272288602941176,0.01039751838235294,0.010633042279411765,0.010443474264705882,0.009455422794117646,0.008099724264705883,0.005692784926470588,0.6596909466911764,0.08575942095588235,0.009380744485294117,0.004285386029411765,0.004900045955882353,0.005612362132352941,0.005755974264705883,0.00703125,0.00695657169117647,0.008651194852941177,0.011333869485294117,0.013350183823529411,0.015194163602941176,0.018956801470588234,0.018669577205882353,0.026206341911764706,0.020180376838235294,0.02458639705882353,0.01730813419117647,0.02463235294117647,0.014590992647058824,0.01540670955882353,0.015125229779411765,0.01452780330882353,0.012264476102941176,0.008289292279411765,0.5665670955882353,0.11023667279411764,0.009972426470588235,0.004440487132352941,0.0052274816176470585,0.005859375,0.006244255514705883,0.0077435661764705885,0.007766544117647059,0.009805836397058823,0.012591911764705883,0.015251608455882353,0.01680261948529412,0.02138671875,0.020611213235294117,0.028596047794117646,0.022937729779411765,0.02637293198529412,0.019640395220588237,0.026729090073529412,0.016394761029411765,0.01715877757352941,0.017153033088235296,0.016411994485294117,0.014602481617647059,0.009105009191176471,0.5212718290441176,0.119921875
T50G-4.jpg,50.0,4,174080,100.0,174080,100.0,174052,99.98391544117648,171815,98.69887408088235,165673,95.17061121323529,108295,62.20990349264706,0,0.0,81829,47.0065487132353,62741,36.04147518382353,37291,21.421760110294116,37291,21.421760110294116,6837,3.9275045955882355,6837,3.9275045955882355,6837,3.9275045955882355,6837,3.9275045955882355,178.20436006433823,12.26546866486899,97,189,183.0,163.0,177.0,185.0,186.0,8.0,92,21.31491268382353,159.51715402236894,15.130972323219192,97,175,164.0,26.538947610294116,162.87538691313665,15.163857937712244,97,177,167.0,34.198069852941174,166.38638043405228,14.873219784396186,97,179,173.0,37.79009650735294,167.68038306604848,14.70127759877885,97,180,174.0,40.62672334558823,168.61038134694513,14.579420204140298,97,181,175.0,0.003659237132352941,0.0017118566176470588,0.00234375,0.0023839613970588237,0.0027401194852941175,0.003825827205882353,0.004113051470588235,0.005934053308823529,0.0078125,0.010466452205882352,0.014033777573529412,0.020766314338235295,0.022397748161764704,0.030376838235294117,0.024092371323529413,0.025844439338235294,0.017876838235294117,0.02274816176470588,0.01418313419117647,0.014458869485294118,0.016779641544117648,0.016704963235294117,0.016348805147058824,0.010403262867647058,0.6079905790441177,0.08000344669117647,0.005244715073529411,0.002786075367647059,0.0034237132352941176,0.003486902573529412,0.003659237132352941,0.004848345588235294,0.00505514705882353,0.007163373161764706,0.009512867647058823,0.012706801470588235,0.01711282169117647,0.02482766544117647,0.026286764705882353,0.03449563419117647,0.029877068014705882,0.0306640625,0.02292049632352941,0.02758501838235294,0.01850873161764706,0.018273207720588235,0.020496323529411765,0.0208984375,0.018956801470588234,0.013419117647058823,0.5116268382352941,0.10616383272058824,0.0059283088235294115,0.0028205422794117647,0.003550091911764706,0.004015395220588235,0.003837316176470588,0.005204503676470588,0.005612362132352941,0.007864200367647059,0.01047219669117647,0.0142578125,0.018692555147058823,0.02775735294117647,0.029067095588235295,0.0376953125,0.03230698529411765,0.03378331801470588,0.024592141544117648,0.030583639705882352,0.019904641544117647,0.01906594669117647,0.02097311580882353,0.02106502757352941,0.019203814338235294,0.01403952205882353,0.47762522977941174,0.11008157169117647,0.006364889705882353,0.0029181985294117647,0.0037971047794117647,0.0041015625,0.004193474264705882,0.005784696691176471,0.006089154411764706,0.00866842830882353,0.011356847426470588,0.01567670036764706,0.02048483455882353,0.029721966911764704,0.03126723345588235,0.04010225183823529,0.034903492647058824,0.035483685661764706,0.02680376838235294,0.03236443014705882,0.021294806985294117,0.02043887867647059,0.02261029411764706,0.02321920955882353,0.022788373161764706,0.014757582720588235,0.43599494485294116,0.1188131893382353
T50G-5.jpg,50.0,5,174080,100.0,174080,100.0,174058,99.98736213235294,173545,99.69267003676471,172157,98.89533547794119,111129,63.83789062500001,0,0.0,84036,48.27435661764706,64060,36.799172794117645,37398,21.483226102941178,37398,21.483226102941178,8093,4.649011948529412,8093,4.649011948529412,8093,4.649011948529412,8093,4.649011948529412,180.28197954963235,8.232811817891244,96,190,183.0,170.0,178.0,185.0,186.0,7.0,94,20.25333180147059,167.72839436140342,10.434684288333948,96,177,170.0,25.23207720588235,169.75516801748475,10.203358766456319,96,178,174.0,31.806066176470587,171.66598034966046,9.828748426560468,96,179,176.0,36.162109375,172.66988610188878,9.608652588019224,96,180,177.0,42.987132352941174,174.07917735728032,9.393098576226448,96,182,178.0,0.004825367647058824,0.0026941636029411764,0.0027745863970588236,0.003107766544117647,0.0030043658088235296,0.003952205882352941,0.0038430606617647057,0.005215992647058823,0.0068129595588235295,0.00886374080882353,0.010696231617647059,0.014332490808823529,0.014298023897058823,0.02287454044117647,0.01663028492647059,0.021587775735294117,0.015613511029411765,0.022305836397058822,0.015222886029411764,0.017710248161764707,0.01984719669117647,0.019697840073529413,0.02070886948529412,0.01240234375,0.5863338694852941,0.12464384191176471,0.007984834558823529,0.003969439338235294,0.0039005055147058824,0.0040958180147058825,0.003860294117647059,0.004802389705882353,0.004808134191176471,0.00625,0.008174402573529412,0.010851332720588235,0.01220703125,0.016911764705882352,0.016268382352941178,0.025028722426470588,0.01950252757352941,0.024287683823529412,0.018169806985294117,0.025298713235294118,0.01730813419117647,0.018830422794117646,0.02082375919117647,0.020812270220588236,0.019858685661764706,0.013223805147058823,0.5429400275735294,0.12983111213235293,0.009196920955882353,0.004233685661764706,0.004319852941176471,0.0045840992647058825,0.004331341911764706,0.0056698069852941175,0.005480238970588235,0.007174862132352941,0.00947265625,0.01255170036764706,0.014165900735294118,0.019324448529411765,0.01838235294117647,0.027211626838235293,0.02204733455882353,0.026493566176470588,0.020381433823529412,0.027688419117647058,0.01865234375,0.020255055147058824,0.022403492647058824,0.021984145220588235,0.020588235294117647,0.013895909926470587,0.5077263327205882,0.13178423713235293,0.010311351102941176,0.004572610294117647,0.004831112132352941,0.00549172794117647,0.0055147058823529415,0.007002527573529412,0.007111672794117647,0.00935202205882353,0.012247242647058823,0.015274586397058823,0.017153033088235296,0.02292049632352941,0.021340762867647058,0.03027918198529412,0.02561465992647059,0.02953814338235294,0.023420266544117645,0.031094898897058822,0.022317325367647058,0.024988511029411766,0.030641084558823528,0.02973920036764706,0.031922104779411764,0.016268382352941178,0.38995863970588235,0.17109375
