,count,mean,std,min,25%,50%,75%,max,skewness,kurtosis
lombrices_agregadas_g,26.0,28.846153846153847,15.317159809030676,0.0,20.0,30.0,40.0,50.0,-0.07556274881285682,-1.1617221177102925
replica,26.0,2.923076923076923,1.4675987714106855,1.0,2.0,3.0,4.0,5.0,0.057270266124091314,-1.3369795918367344
peso_cama_5cm_g,26.0,1054.25,105.13218822035427,920.0,985.0,1037.0,1119.1,1222.0,0.4346490323904936,-1.1274021388188318
peso_cama_10cm_g,26.0,1527.5653846153846,65.12319981271003,1411.7,1462.0,1547.0,1580.0,1610.0,-0.12045800494433737,-1.5326620700579616
peso_lombrices_inyectadas_g,26.0,28.846153846153847,15.317159809030676,0.0,20.0,30.0,40.0,50.0,-0.07556274881285682,-1.1617221177102925
humedad_pct,26.0,81.71923076923076,22.27750469385239,9.2,67.725,92.8,100.0,100.0,-1.5166035443868324,2.3020854661046783
temperatura_c,26.0,26.549999999999997,0.82522724143111,24.1,26.1,26.85,27.1,27.7,-1.051343198027689,1.1084093746563237
uv_intensity,26.0,209.1153846153846,1.0325472609783275,207.0,208.0,209.0,210.0,211.0,-0.00986671657658554,-0.7679391315754942
conductividad_us_cm,26.0,4275.461538461538,1747.3162331019357,0.0,3161.5,4046.0,5839.75,7026.0,-0.38079178722269574,-0.35863333155372734
ph,26.0,7.823076923076925,1.0025199019701079,5.1,7.45,7.95,8.475,9.0,-1.150180955047576,0.8398316670454768
nitrogeno_mg_kg,26.0,854.8846153846154,360.89470230781467,0.0,620.75,805.5,1180.0,1427.0,-0.32843580892869617,-0.49578129112460667
fosforo_mg_kg,26.0,1664.423076923077,493.4403447694094,0.0,1481.75,1908.0,1999.0,1999.0,-1.887672595826595,3.380583817132667
potasio_mg_kg,26.0,1666.3076923076924,493.79086822101294,0.0,1485.0,1915.5,1999.0,1999.0,-1.8966887611489904,3.4012499866551007
acel_x_g,26.0,179.9626923076923,183.50783215018788,0.0,0.0,179.935,359.925,359.94,3.815298225341761e-08,-1.999999854417498
acel_y_g,26.0,2.5711538461538455,1.4191640551340836,0.88,0.895,2.75,4.0,4.13,-0.1910034803842935,-1.7321173525750149
acel_z_g,26.0,34.112692307692306,0.287952186201913,33.69,33.88,34.13,34.25,34.75,0.6200081485023913,-0.47416120294805575
lluvia_binario,26.0,1.0,0.0,1.0,1.0,1.0,1.0,1.0,,
salud,26.0,0.6038461538461538,0.024992306508511496,0.57,0.59,0.595,0.62,0.68,1.0879504508682785,1.3549797374359978
humedad_trama_pct,26.0,81.73461538461538,22.2607267142417,9.2,67.725,92.65,100.0,100.0,-1.5217927919986876,2.320491683572288
temperatura_trama_c,26.0,26.446153846153848,0.8266708023056183,24.1,26.05,26.55,26.9,27.7,-0.9334997018509702,1.0148230766002877
conductividad_trama_us_cm,26.0,4279.692307692308,1748.6558899733423,0.0,3161.5,4046.0,5839.75,7026.0,-0.3868743086992734,-0.36076249982176245
ph_trama,26.0,7.773076923076923,0.988152900034278,5.1,7.45,7.85,8.475,9.0,-1.0847781640469376,0.7837839127157347
nitrogeno_trama_mg_kg,26.0,855.7692307692307,361.1575066579464,0.0,620.75,805.5,1180.0,1427.0,-0.33464976390375845,-0.4977659527833942
fosforo_trama_mg_kg,26.0,1664.3076923076924,493.6158643504701,0.0,1481.75,1908.0,1999.0,1999.0,-1.8865353791891821,3.372877910606551
potasio_trama_mg_kg,26.0,1666.1923076923076,493.96696401526845,0.0,1485.0,1915.5,1999.0,1999.0,-1.8955465644626288,3.3935130048603863
ID,26.0,13.5,7.648529270389178,1.0,7.25,13.5,19.75,26.0,0.0,-1.2035555555555555
img_pix_count_50,26.0,173940.38461538462,620.0596149999174,170918.0,174080.0,174080.0,174080.0,174080.0,-4.714779960792569,20.48600327796404
img_pix_density_50,26.0,99.91979814762443,0.3561923339843276,98.18359375,100.0,100.0,100.0,100.0,-4.714779960792523,20.486003277963746
img_pix_count_80,26.0,172532.42307692306,3337.165829539513,161810.0,173225.25,174080.0,174080.0,174080.0,-2.3984525166160475,4.605900135525145
img_pix_density_80,26.0,99.11099671238688,1.9170300031821659,92.95151654411765,99.5089901194853,100.0,100.0,100.0,-2.398452516616059,4.605900135525183
img_pix_count_100,26.0,164461.88461538462,18379.405797417767,90703.0,162799.25,173349.5,174056.5,174080.0,-2.79870439852793,8.218284955137618
img_pix_density_100,26.0,94.47488776159504,10.558022631788699,52.10420496323529,93.51978975183825,99.5803653492647,99.98650045955883,100.0,-2.798704398527933,8.218284955137628
img_pix_count_130,26.0,140017.65384615384,43290.61177663564,17385.0,107802.75,160610.0,172545.5,174080.0,-1.279112857013213,0.7225960557039288
img_pix_density_130,26.0,80.4329353436086,24.868228272423966,9.986787683823529,61.927131204044116,92.26217830882354,99.11850873161764,100.0,-1.2791128570132142,0.722596055703931
img_pix_count_150,26.0,110961.65384615384,58573.66896546079,2865.0,59368.25,121395.5,167904.75,172223.0,-0.4242602391571527,-1.2859764789518908
img_pix_density_150,26.0,63.741758873020366,33.647557999460474,1.6457950367647058,34.10400390625,69.73546645220588,96.45263671875,98.93324908088236,-0.42426023915715294,-1.2859764789518908
img_pix_count_180,26.0,46206.769230769234,44022.26679152966,246.0,6760.75,20493.0,96914.5,114162.0,0.39618044179249656,-1.5662716256484863
img_pix_density_180,26.0,26.543410633484164,25.28852641976658,0.1413143382352941,3.8837028952205883,11.772173713235293,55.67239200367647,65.58019301470588,0.39618044179249673,-1.5662716256484854
img_pix_count_200,26.0,0.0,0.0,0.0,0.0,0.0,0.0,0.0,,
img_pix_density_200,26.0,0.0,0.0,0.0,0.0,0.0,0.0,0.0,,
img_pix_percentile_count_50,26.0,81640.80769230769,3722.6438134125137,66325.0,80664.5,82253.5,83856.0,85125.0,-2.7945638988139825,9.178488003745349
img_pix_percentile_density_50,26.0,46.89844191883484,2.1384672641386224,38.10029871323529,46.33760340073529,47.250402113970594,48.17095588235294,48.89993106617647,-2.79456389881399,9.178488003745384
img_pix_percentile_count_60,26.0,65392.11538461538,5031.490795594666,51634.0,64078.5,67495.0,68871.0,69518.0,-1.580943858382564,1.5382549078906145
img_pix_percentile_density_60,26.0,37.56440451781675,2.890332488278186,29.66107536764706,36.80980009191176,38.77240349264706,39.56284466911765,39.93451286764706,-1.5809438583825695,1.538254907890626
img_pix_percentile_count_70,26.0,46201.03846153846,6161.1111366750665,33382.0,42755.5,49001.0,50863.0,51634.0,-0.9814531227247865,-0.6089142529068767
img_pix_percentile_density_70,26.0,26.54011860152715,3.539241232005439,19.17624080882353,24.560834099264703,28.14855238970588,29.218175551470587,29.66107536764706,-0.9814531227247882,-0.6089142529068741
img_pix_percentile_count_75,26.0,38965.46153846154,4666.586960344952,24529.0,37317.75,40405.5,42572.75,43448.0,-1.367913864921744,1.6965085818869543
img_pix_percentile_density_75,26.0,22.38365207861991,2.6807140167422747,14.090647977941176,21.43712660845588,23.210880055147058,24.455853630514703,24.95863970588235,-1.367913864921745,1.6965085818869587
img_pix_percentile_count_80,26.0,27522.23076923077,10319.072874275837,5366.0,25262.5,33293.5,34150.75,34729.0,-1.308905719161802,0.030253013076185553
img_pix_percentile_density_80,26.0,15.810104991515837,5.927776237520586,3.0824908088235294,14.512005974264707,19.125402113970587,19.617848115808826,19.950022977941178,-1.3089057191618025,0.030253013076185997
img_pix_percentile_count_85,26.0,18237.423076923078,8368.99097943391,3438.0,8737.75,22917.0,24833.0,26034.0,-0.7076910363443026,-1.2370297846623068
img_pix_percentile_density_85,26.0,10.476460866798643,4.807554560796134,1.974954044117647,5.019387637867647,13.164636948529411,14.265280330882353,14.955193014705884,-0.7076910363443022,-1.2370297846623075
img_pix_percentile_count_90,26.0,11875.846153846154,5489.538980222713,3173.0,5829.75,15486.0,16610.5,17385.0,-0.4280094137614738,-1.5759457041033953
img_pix_percentile_density_90,26.0,6.822062358597285,3.1534575943374956,1.8227251838235294,3.3488913143382355,8.895909926470587,9.541877297794116,9.986787683823529,-0.4280094137614738,-1.5759457041033953
img_pix_percentile_count_95,26.0,6311.0,2062.171341086865,1156.0,5107.5,7235.0,8032.0,8605.0,-0.8238015412874581,-0.3390485707427624
img_pix_percentile_density_95,26.0,3.625344669117647,1.1846112942824365,0.6640625,2.9339958639705883,4.156135110294118,4.613970588235294,4.9431295955882355,-0.823801541287458,-0.33904857074276373
img_gray_mean,26.0,156.0509692714225,21.839418046732508,105.02856732536765,139.87072897518382,157.06687442555148,177.895166015625,180.28197954963235,-0.5558595476744065,-0.7337296275478584
img_gray_std,26.0,17.532556729361364,7.200558290573428,8.232811817891244,11.742732229600229,17.057607537806284,22.103997624019968,37.87409038643796,0.9188400604118769,0.5618821706319146
img_gray_min,26.0,83.53846153846153,26.51675812648412,31.0,65.25,96.0,96.75,132.0,-0.341211087872583,-0.612309688943097
img_gray_max,26.0,188.80769230769232,0.800960961307392,187.0,188.25,189.0,189.0,190.0,-0.6003254605136933,0.19284716112006617
img_gray_median,26.0,158.30769230769232,24.47655078767306,101.0,138.25,163.5,182.0,184.0,-0.6317641187106667,-0.7027425066144946
img_gray_p10,26.0,133.15384615384616,28.78429058732184,88.0,106.0,133.5,162.75,170.0,-0.20410121177394802,-1.4807711978800686
img_gray_p25,26.0,146.46153846153845,27.672702461784638,92.0,120.75,144.0,175.75,178.0,-0.29590938236636694,-1.2255014326329863
img_gray_p75,26.0,168.15384615384616,19.321888743479107,115.0,157.5,174.0,185.0,185.0,-0.9974057720633227,0.290901848612374
img_gray_p90,26.0,176.0,14.661514246489004,130.0,170.25,182.5,186.0,186.0,-1.738317604262691,2.4841995858984998
img_gray_iqr,26.0,21.692307692307693,12.686273623942473,7.0,9.25,21.0,29.0,50.0,0.6070187856559025,-0.5197589946746493
img_gray_range,26.0,105.26923076923077,26.235178966125147,57.0,92.0,93.5,123.5,158.0,0.3389749640064836,-0.5838684679574495
img_lbp_0,26.0,0.02813074448529412,0.004808490926264744,0.019175091911764707,0.02547248391544118,0.027467256433823528,0.03135483685661765,0.038907398897058826,0.2888895353515788,-0.1705059063417238
img_lbp_1,26.0,0.013155755090497738,0.0023326394512361913,0.009018841911764705,0.011457375919117647,0.013131893382352941,0.014348288143382352,0.019203814338235294,0.6561330614592629,0.2806819204315807
img_lbp_2,26.0,0.014577957084276017,0.002583749462708283,0.009771369485294118,0.012887752757352941,0.014117072610294119,0.01608599494485294,0.020909926470588234,0.5523449462131925,0.07575404949708542
img_lbp_3,26.0,0.01350661057692308,0.002121727215127885,0.009386488970588235,0.012218520220588235,0.01364602481617647,0.014698701746323529,0.01808938419117647,-0.05996965685169114,-0.2793173908428903
img_lbp_4,26.0,0.012399913390837104,0.0020903051988618495,0.008949908088235294,0.01086138556985294,0.012471277573529413,0.013631663602941177,0.016469439338235293,0.20077564058795094,-0.7182189426997017
img_lbp_5,26.0,0.014365190186651583,0.0026685165493616843,0.010098805147058824,0.01283892463235294,0.013783892463235293,0.01586339613970588,0.019916130514705883,0.6355880185599301,-0.2556796835046007
img_lbp_6,26.0,0.013370068580316743,0.0027617512555798735,0.008984375,0.011580882352941177,0.01271829044117647,0.015029009650735293,0.01911764705882353,0.42449777183070514,-0.6642313608171047
img_lbp_7,26.0,0.017990844174208143,0.003625852750508791,0.012339154411764705,0.014565142463235294,0.01889361213235294,0.020384306066176472,0.023862591911764704,0.052269089652597814,-1.2288870843143536
img_lbp_8,26.0,0.02353051647341629,0.00452854270531095,0.016239659926470588,0.019367532169117647,0.024787454044117647,0.027350930606617647,0.029940257352941178,-0.1539163216029493,-1.4041691418689097
img_lbp_9,26.0,0.029947548430429863,0.006456149010811191,0.01981847426470588,0.023818072150735295,0.031235638786764705,0.035054285386029414,0.03859719669117647,-0.18546011026911863,-1.4211154046753778
img_lbp_10,26.0,0.03661844244909502,0.008899378158442526,0.02143267463235294,0.02792681525735294,0.037316176470588235,0.04362362132352941,0.04994829963235294,-0.10343947064667874,-1.324373431813954
img_lbp_11,26.0,0.04822583781108598,0.012177389854633227,0.027464384191176472,0.038334386488970584,0.048440372242647065,0.05648408777573529,0.076171875,0.2198208240000985,-0.5399284343333846
img_lbp_12,26.0,0.047999593467194575,0.013933679472027925,0.02532169117647059,0.03767233455882353,0.04856100643382353,0.056597541360294115,0.0872414981617647,0.6036230737076322,0.6111293932553679
img_lbp_13,26.0,0.05672148967760181,0.013565242660210067,0.03334099264705882,0.04533404181985294,0.05564108455882353,0.06574132582720588,0.09210133272058824,0.47876451702338946,0.042694370420751415
img_lbp_14,26.0,0.046656930500565616,0.008864316650498544,0.02949793198529412,0.04100413602941177,0.04771369485294118,0.0526510799632353,0.06671645220588235,0.0417038989607655,-0.46517674457894875
img_lbp_15,26.0,0.04061152255373303,0.0054881036195850675,0.030135569852941177,0.03715389476102941,0.04071691176470588,0.044921875,0.05022977941176471,-0.17928304909935647,-0.7419781835194397
img_lbp_16,26.0,0.03196938631221719,0.003203481561740661,0.02580997242647059,0.030029296875,0.03213465073529412,0.03413947610294118,0.039326746323529414,-0.07085283995398693,-0.029655318422642463
img_lbp_17,26.0,0.032150779482466064,0.0030476139905018015,0.026505055147058823,0.029984777113970587,0.03204561121323529,0.03430750229779412,0.03962545955882353,0.14532876687556795,-0.025247357550533867
img_lbp_18,26.0,0.02256743141968326,0.002293071451181354,0.01804342830882353,0.02056094898897059,0.022742417279411765,0.02456198299632353,0.02566061580882353,-0.2704092249047009,-1.069816915338402
img_lbp_19,26.0,0.02311580882352941,0.002863587603086778,0.017767693014705883,0.021248851102941176,0.023049747242647058,0.025504078584558824,0.028550091911764705,-0.0822511690255163,-0.7690620697531223
img_lbp_20,26.0,0.02484710831447964,0.0037382999134125856,0.01758386948529412,0.022337431066176472,0.024233111213235292,0.02701775045955882,0.03171530330882353,0.17804981605288617,-0.7878126737576232
img_lbp_21,26.0,0.022200005302601807,0.003289414138525406,0.016176470588235296,0.01989458869485294,0.021857766544117647,0.02368451286764706,0.029693244485294118,0.4624103369461976,-0.3718050095762071
img_lbp_22,26.0,0.018692555147058823,0.003311242110989309,0.012557444852941177,0.016220990349264705,0.01807215073529412,0.020888384650735295,0.02610294117647059,0.42504527980384965,-0.42895387200469237
img_lbp_23,26.0,0.010766712033371043,0.0018669683665507465,0.006996783088235294,0.009400850183823528,0.010604319852941177,0.011781939338235294,0.01440716911764706,0.28309502598937636,-0.46397879015638743
img_lbp_24,26.0,0.09019239606900453,0.015420241219469855,0.06725068933823529,0.07914608226102941,0.08829848345588236,0.1004107306985294,0.12646484375,0.48664223442767185,-0.42270794016106006
img_lbp_25,26.0,0.26568885216346155,0.03704980818304325,0.1996438419117647,0.2393023322610294,0.2655560661764706,0.2956284466911765,0.33714958639705883,0.25860536939450524,-0.8539222980746355
img_glcm_contrast_mean,26.0,9.499320414392757,4.91985036813165,3.404600125869012,6.299986942346505,7.775535447990853,11.481177811663859,26.402984034381547,1.60823492679072,3.3525505866371486
img_glcm_contrast_std,26.0,7.992222744758608,4.516851108721128,2.6013111301934133,5.056542791201669,6.623224198758855,9.78140609535438,24.160475062099447,1.7977729588063356,4.297910584529273
img_glcm_dissimilarity_mean,26.0,1.7952554617704548,0.41171265530598516,1.1453319874858776,1.5245491404959832,1.725095804570686,2.03036568960196,2.823444905189102,0.5891276544316496,-0.1849275296705719
img_glcm_dissimilarity_std,26.0,0.8138534274080604,0.2244787839087488,0.4754211465462893,0.6539893447199829,0.7683920235259272,0.9354130713444887,1.40317742523258,0.6462663885044415,0.02983644128259133
img_glcm_homogeneity_mean,26.0,0.50242452416857,0.04991132727066019,0.4132406492362736,0.4696308765074182,0.4927772104943946,0.5443053623117451,0.592961618002584,0.09867252254439908,-0.9255307889142794
img_glcm_homogeneity_std,26.0,0.10373274452106931,0.005681626189900272,0.09446358603042879,0.10026744690594654,0.10247542143909419,0.10420229763833885,0.11546320597694243,0.9675815933854128,-0.03961948469651322
img_glcm_energy_mean,26.0,0.10237179787801293,0.03918802417280002,0.058237049346279914,0.06990564812264646,0.08435343803481084,0.14634194788304689,0.16785929330323213,0.4703546734629702,-1.4294927834649562
img_glcm_energy_std,26.0,0.014044096303810242,0.003798321403524081,0.008930444646964643,0.01093343079471493,0.01254056098142156,0.01797999564522268,0.021138257755718495,0.4856791068832939,-1.2706728277782486
img_glcm_correlation_mean,26.0,0.9817606196289644,0.009049020472828365,0.9609757174891053,0.9768554915549847,0.9848747514705831,0.9883300489180352,0.9929446203700961,-0.9390143245583086,0.052693446218099016
img_glcm_correlation_std,26.0,0.015130256892033041,0.007524559314468473,0.005973435374812554,0.009544196181791665,0.01223874886907295,0.018928176670329967,0.03306163941155577,0.9806563474058505,0.13490805103509151
img_glcm_ASM_mean,26.0,0.012167729799510148,0.00888847317856493,0.0034830717275604497,0.00500382070502413,0.007269177044397035,0.021730592491853388,0.028520528400235893,0.6436288667605786,-1.2645345824234173
img_glcm_ASM_std,26.0,0.003178231819865104,0.0020421794521135904,0.0010501739663491664,0.0015619600749599543,0.0020820589611620258,0.005267686330533592,0.006876275184443887,0.6193247616580092,-1.288375389055401
cold_area_pct_25,26.0,26.500415370475118,1.3640789019636637,25.220588235294116,25.426958869485297,26.12534466911765,27.086827895220587,30.918543198529413,1.4554051778373445,2.2592080716832346
cold_mean_25,26.0,133.72134125913584,28.227402560914456,84.8990990183334,106.23429191202553,132.15289178102802,162.9048015336667,169.75516801748475,-0.17601101731379357,-1.4414037571412055
cold_std_25,26.0,11.83652647005226,4.469185786765773,5.2230986924334335,9.306707253129439,11.002218460334088,12.82484568631344,27.87908995214486,1.8116825210357381,4.510658515965434
cold_median_25,26.0,136.6153846153846,28.33665742190059,89.0,110.25,137.0,164.75,174.0,-0.2000007662527419,-1.432381578342269
cold_lbp_25_0,26.0,0.0045849830316742075,0.0013762748041127283,0.00146484375,0.004167624080882353,0.004808134191176471,0.005353860294117647,0.006881893382352941,-0.8555903498169493,0.5425304286797261
cold_lbp_25_1,26.0,0.002356564621040724,0.0007716454992292625,0.0007927389705882353,0.0020751953125,0.002277688419117647,0.0027157054227941175,0.0041590073529411764,0.18673500675686344,0.38846656871784147
cold_lbp_25_2,26.0,0.0026095429157239826,0.0007218924557619165,0.0006893382352941177,0.002322208180147059,0.0025361902573529413,0.0030460133272058824,0.004124540441176471,-0.32906728865127244,0.7778522795862637
cold_lbp_25_3,26.0,0.0026709647200226245,0.0008318720529871737,0.0008674172794117647,0.0021513097426470586,0.0026970358455882353,0.003435202205882353,0.0040498621323529415,-0.3252133464602777,-0.6554787659404715
cold_lbp_25_4,26.0,0.00276331836821267,0.000830989357375125,0.001206341911764706,0.002225988051470588,0.0028377757352941175,0.0033763212316176468,0.003969439338235294,-0.22477639227207502,-0.9335137918388869
cold_lbp_25_5,26.0,0.003516950650452489,0.0010391738111518805,0.0013729319852941175,0.002763097426470588,0.003644875919117647,0.003940716911764706,0.005296415441176471,-0.04416478691038449,-0.7412201420653255
cold_lbp_25_6,26.0,0.003612618424773756,0.0009899297710204218,0.0018784466911764706,0.0027257582720588234,0.0035960477941176473,0.004246610753676471,0.005290670955882353,0.05551412405553295,-1.088796709112696
cold_lbp_25_7,26.0,0.005053158583144797,0.0010019975692540227,0.003010110294117647,0.004216452205882353,0.0050580193014705885,0.005987189797794118,0.006560202205882353,-0.3017574239091182,-0.9845477537363099
cold_lbp_25_8,26.0,0.007139290511877828,0.0009480942161942565,0.005238970588235294,0.00641946231617647,0.007126034007352941,0.00800637637867647,0.008507582720588235,-0.2780753255241547,-0.9636601926192898
cold_lbp_25_9,26.0,0.009716575933257919,0.0007898017282233,0.00788717830882353,0.009260110294117647,0.009808708639705881,0.010337201286764706,0.011259191176470588,-0.2279603922507504,-0.34564403268832455
cold_lbp_25_10,26.0,0.012604284502262444,0.0017711347963138481,0.009018841911764705,0.011513384650735294,0.012543083639705882,0.013875804227941175,0.017342601102941176,0.3769664937799428,0.4566553292366473
cold_lbp_25_11,26.0,0.018054696337669682,0.003986450782871916,0.012810202205882353,0.015534524356617648,0.016693474264705882,0.02003676470588235,0.030876608455882353,1.3833125886241475,2.2095389013170887
cold_lbp_25_12,26.0,0.019343891402714933,0.0062273196789892574,0.01213235294117647,0.01572696461397059,0.01779928768382353,0.02139102711397059,0.041228170955882354,1.8661099538853039,3.989950795777058
cold_lbp_25_13,26.0,0.0292599777290724,0.006936799958863922,0.02095013786764706,0.0244873046875,0.027800436580882354,0.030162856158088235,0.05122357536764706,1.5484985675824836,2.325430283006839
cold_lbp_25_14,26.0,0.02078796662895927,0.005373289060562778,0.013017003676470589,0.017298081341911766,0.019841452205882355,0.022195255055147058,0.03332375919117647,1.1169935331273253,0.4455076468304622
cold_lbp_25_15,26.0,0.025267781391402715,0.0037971765898127128,0.0193359375,0.022982249540441178,0.02473288143382353,0.026894244025735294,0.035460707720588236,0.9834191980422754,0.902717513777763
cold_lbp_25_16,26.0,0.015864058964932128,0.00278087018353453,0.011224724264705882,0.014247759650735294,0.01560489430147059,0.017082663143382353,0.024057904411764707,1.2455965887795026,2.0071575726087927
cold_lbp_25_17,26.0,0.022708392251131224,0.0022551066578197273,0.018187040441176472,0.02180032169117647,0.022369025735294118,0.0236328125,0.028555836397058824,0.5434919462347517,0.8984827621167986
cold_lbp_25_18,26.0,0.012191786269796378,0.0022449330595510904,0.006864659926470588,0.011264935661764706,0.01198586856617647,0.013803998161764705,0.017738970588235294,-0.08171443658483006,0.6493041872504337
cold_lbp_25_19,26.0,0.0125547935520362,0.002802307235210724,0.005704273897058823,0.011134248621323528,0.012543083639705882,0.014000746783088235,0.01870404411764706,-0.001350313153303181,0.5048588077087244
cold_lbp_25_20,26.0,0.014202577064479638,0.0036347239467555393,0.006318933823529412,0.011625402113970588,0.01389016544117647,0.016167853860294117,0.021932444852941175,0.25700766091540755,0.1351775156754078
cold_lbp_25_21,26.0,0.014187111142533938,0.00376846703734274,0.006744025735294118,0.011836511948529412,0.014076861213235294,0.016222426470588233,0.02312155330882353,0.35357090777038375,0.17617335899835052
cold_lbp_25_22,26.0,0.013351951357466064,0.004323803148226699,0.005755974264705883,0.010266831341911765,0.012896369485294119,0.015564682904411764,0.023161764705882354,0.534159928752346,-0.016810938956471677
cold_lbp_25_23,26.0,0.009113184035633484,0.0023339770501416795,0.00456686580882353,0.007436236213235294,0.008740234375,0.010683306525735294,0.01565372242647059,0.6352436061996231,0.7573228341262421
cold_lbp_25_24,26.0,0.6341867576357466,0.03883169599334156,0.535207950367647,0.6078828699448529,0.6387580422794118,0.6660371668198529,0.709036075367647,-0.4587409134984852,0.024531785422382768
cold_lbp_25_25,26.0,0.0822968219739819,0.02089994656871124,0.025700827205882352,0.07013585707720588,0.07971909466911764,0.09665958180147059,0.12464384191176471,-0.3335506961936034,0.6208545228402369
cold_area_pct_30,26.0,31.408194287330318,1.1520499256671113,30.139590992647058,30.715619255514703,31.00442325367647,31.874569163602942,34.198069852941174,1.0505940678801475,-0.05221329308915568
cold_mean_30,26.0,136.05852837353163,28.016897354491935,86.52531785925488,107.7534580334331,134.6347578934865,164.86204126980545,171.66598034966046,-0.17748475864543226,-1.4358648253956594
cold_std_30,26.0,12.154661159666055,4.7103129424958405,6.178808345149904,9.484174209164882,11.470420203560186,13.19202653993722,30.259105253251676,2.2517395724155116,6.516498355360678
cold_median_30,26.0,139.30769230769232,27.97966294403023,89.0,112.0,138.0,165.75,176.0,-0.17870016353841908,-1.3726877648131692
cold_lbp_30_0,26.0,0.005688145149886878,0.0016028567685484518,0.0019646139705882353,0.004927332261029412,0.005620978860294118,0.006521426930147059,0.008208869485294118,-0.4341284219405135,-0.018110149402582376
cold_lbp_30_1,26.0,0.00290980274321267,0.0007356696227258336,0.001011029411764706,0.002477309283088235,0.0028262867647058823,0.0034567440257352944,0.004153262867647059,-0.3299256470824264,0.09424328965652817
cold_lbp_30_2,26.0,0.003195480415723982,0.000790263407564573,0.0009420955882352941,0.002890912224264706,0.0031393612132352942,0.0038387522977941175,0.004549632352941177,-0.7114352823775005,0.7853007636253224
cold_lbp_30_3,26.0,0.0032893806561085973,0.0009003704408984532,0.0012178308823529412,0.0027803308823529413,0.0034265854779411764,0.003909122242647059,0.004917279411764706,-0.5090111412482831,-0.3404649482900508
cold_lbp_30_4,26.0,0.0033200915582579185,0.0009010114571411729,0.0015280330882352941,0.0027056525735294117,0.0033949908088235295,0.0038947610294117647,0.005083869485294118,-0.009138877576845025,-0.6194606775410327
cold_lbp_30_5,26.0,0.004248267816742082,0.0011271918343772481,0.0019244025735294119,0.0035055721507352942,0.004170496323529412,0.004895737591911765,0.006652113970588235,0.17688536992235832,-0.39119779869374716
cold_lbp_30_6,26.0,0.004303724194004524,0.0010353851360339846,0.0024988511029411763,0.0035457835477941176,0.004098690257352941,0.005052274816176471,0.00598000919117647,0.11194452426262275,-1.1779651424924438
cold_lbp_30_7,26.0,0.0060113829185520365,0.0010307050396660142,0.0039005055147058824,0.0052490234375,0.005977136948529412,0.006771312040441176,0.007657398897058823,-0.0674987319973108,-0.8781093103138429
cold_lbp_30_8,26.0,0.008422520149886878,0.0009020210520904608,0.006881893382352941,0.007867072610294117,0.008340992647058823,0.009138039981617647,0.010024126838235295,-0.08020902882661735,-1.0837314477626319
cold_lbp_30_9,26.0,0.011420257706447964,0.001032451956135726,0.008926930147058823,0.010895852481617646,0.011566521139705882,0.01191119025735294,0.013114659926470588,-0.599348692210493,0.18337923427157232
cold_lbp_30_10,26.0,0.014715161906108597,0.0022502110652773528,0.010127527573529412,0.013399011948529412,0.014657054227941176,0.01613051470588235,0.021036305147058825,0.46119308264350023,0.8733084692178026
cold_lbp_30_11,26.0,0.020977313701923076,0.004869359591948898,0.014458869485294118,0.018070714613970588,0.019838579963235292,0.02258013556985294,0.03669577205882353,1.3425520116701444,2.262795995417741
cold_lbp_30_12,26.0,0.022113617081447958,0.007171103312582957,0.013407628676470587,0.01801901424632353,0.019901769301470588,0.023904239430147058,0.047122012867647056,1.8194566711729059,3.8184378761370956
cold_lbp_30_13,26.0,0.032214852587669686,0.00808883199369837,0.023052619485294117,0.026278147977941174,0.03052332261029412,0.03449994255514706,0.05803653492647059,1.5153588854771556,2.3356905500693266
cold_lbp_30_14,26.0,0.0237697963800905,0.006113364851026468,0.015475643382352942,0.01955710018382353,0.022613166360294118,0.025327435661764704,0.03752872242647059,1.1184566046735553,0.38306192985941045
cold_lbp_30_15,26.0,0.02737976350395928,0.00437751718203003,0.020938648897058824,0.02449017693014706,0.026889935661764706,0.028478285845588234,0.038878676470588236,1.060064759990132,0.8900743440226275
cold_lbp_30_16,26.0,0.018039672299208147,0.003365564831833215,0.013390395220588235,0.016180778952205883,0.017563763786764705,0.019034352022058824,0.027774586397058824,1.4273171098027033,2.056240398380914
cold_lbp_30_17,26.0,0.024446099052601807,0.0025751584697364417,0.020272288602941176,0.02283002068014706,0.024158432904411765,0.02558306525735294,0.031186810661764704,1.071186812180373,1.3262559884164933
cold_lbp_30_18,26.0,0.013771740667420816,0.0027530445991041244,0.008048023897058823,0.011995921415441178,0.013488051470588236,0.01469582950367647,0.019829963235294117,0.34009422727366506,0.027006148828360388
cold_lbp_30_19,26.0,0.014260021917420814,0.003028252954339162,0.006594669117647059,0.012702493106617647,0.014033777573529412,0.016126206341911767,0.020197610294117648,-0.28059978429907967,0.24883461134638818
cold_lbp_30_20,26.0,0.01596502934106335,0.0036181827548913137,0.006560202205882353,0.014204676011029411,0.015584788602941177,0.018324908088235295,0.02174862132352941,-0.47737366254444186,0.09302474294650809
cold_lbp_30_21,26.0,0.016017613475678733,0.0037928862592782045,0.007284007352941177,0.013880112591911764,0.016029986213235294,0.01872271369485294,0.023064108455882353,-0.27670935396396734,-0.26210074204842737
cold_lbp_30_22,26.0,0.01487004206730769,0.003765220919986163,0.006060431985294118,0.012870519301470588,0.01465130974264706,0.018556123621323528,0.02048483455882353,-0.3474771704740375,-0.3375131431784584
cold_lbp_30_23,26.0,0.010128853223981901,0.0025702454241667305,0.005692784926470588,0.008468807444852941,0.009866153492647058,0.011556468290441177,0.016854319852941176,0.5913479394463257,0.20338634402983757
cold_lbp_30_24,26.0,0.5803942926329186,0.04362292403640894,0.4843003216911765,0.5548167509191176,0.5853285845588235,0.6126048368566177,0.6596909466911764,-0.44348227716501054,-0.36166013517714557
cold_lbp_30_25,26.0,0.09812707685237555,0.021503093467206275,0.03180721507352941,0.0861428653492647,0.09985638786764706,0.10600155101102941,0.15274586397058823,-0.4110989041530977,2.8867625374557377
cold_area_pct_35,26.0,36.802663673642535,1.480057278926257,35.201056985294116,35.788717830882355,36.17819393382353,37.4875057444853,41.0495174632353,1.260793836258407,1.2389076783832929
cold_mean_35,26.0,138.28265530064425,27.615339689057365,87.79479546763972,111.20611545019479,137.06037250848686,167.412232063016,172.66988610188878,-0.18745423418449572,-1.4023109366501967
cold_std_35,26.0,12.503643363483034,4.940465511735494,7.221796486850682,9.463824849728454,11.881203877681788,13.553077425199277,32.581567618994455,2.6748543799654025,8.627065628800123
cold_median_35,26.0,141.69230769230768,28.1606381046584,90.0,117.0,139.0,170.5,177.0,-0.17106105687401812,-1.355209176462515
cold_lbp_35_0,26.0,0.0069947946125565605,0.0018151598702677242,0.0022748161764705884,0.006362017463235294,0.007048483455882353,0.00841997931985294,0.009817325367647059,-0.7461199945858272,0.2854521769118814
cold_lbp_35_1,26.0,0.003537719174208145,0.0008611176096060356,0.0011948529411764707,0.0030890969669117646,0.0035558363970588235,0.004117359834558824,0.005526194852941177,-0.39843553277652377,1.0136145040500875
cold_lbp_35_2,26.0,0.0038583056419683255,0.0009431737328427596,0.0011431525735294118,0.0034653607536764704,0.003891888786764706,0.00439309512867647,0.005583639705882353,-0.5624147254249924,1.20921807913433
cold_lbp_35_3,26.0,0.003898737980769231,0.0009718389347181577,0.0014820772058823529,0.003356215533088235,0.003957950367647059,0.0046314912683823525,0.005612362132352941,-0.5748113782523319,-0.002984482004721567
cold_lbp_35_4,26.0,0.003953973416289593,0.0010142786623977983,0.0019473805147058824,0.0032082950367647058,0.004024011948529412,0.004486443014705883,0.005755974264705883,0.004943861675156882,-0.5206482385139748
cold_lbp_35_5,26.0,0.00503835548642534,0.0012214822860204136,0.002395450367647059,0.0042193244485294115,0.004885684742647059,0.005618106617647059,0.00749655330882353,0.23648620100669454,-0.2579452134821194
cold_lbp_35_6,26.0,0.005028413108031675,0.0010955140921879087,0.0030847886029411764,0.004088637408088236,0.004948874080882353,0.005732996323529412,0.00695657169117647,0.1610681606797174,-1.0609150581896811
cold_lbp_35_7,26.0,0.007043180854072398,0.0010915609503162522,0.004802389705882353,0.006115004595588235,0.007005399816176471,0.007854147518382353,0.00871438419117647,-0.04355350735670755,-1.0068727845221415
cold_lbp_35_8,26.0,0.009830802813914028,0.0009742998527024054,0.008266314338235294,0.009150965073529412,0.009596162683823531,0.010753676470588235,0.01142578125,0.07796439416509889,-1.1809939432322765
cold_lbp_35_9,26.0,0.01334222992081448,0.001000286387215787,0.011379825367647058,0.01259765625,0.013353056066176469,0.014148667279411765,0.014820772058823529,-0.4329330413398949,-0.8560425015444029
cold_lbp_35_10,26.0,0.01700588588800905,0.002395059422514359,0.013177849264705882,0.015254480698529412,0.016888786764705885,0.018102309283088237,0.024885110294117645,1.2416637050670867,2.564652313536774
cold_lbp_35_11,26.0,0.024048182975113117,0.005333765148907102,0.01806640625,0.02025792738970588,0.023026769301470587,0.02482622931985294,0.04284237132352941,1.7879840849390547,3.8972352529891436
cold_lbp_35_12,26.0,0.02519840568438914,0.00782060451417167,0.017365579044117646,0.020081284466911764,0.023604090073529413,0.026576861213235294,0.054440487132352944,2.2048215240531883,5.602937490255407
cold_lbp_35_13,26.0,0.03528439621040724,0.008718131087745126,0.026206341911764706,0.029288258272058824,0.03354204963235294,0.037634995404411765,0.06425206801470588,1.676577367008094,3.007392659112206
cold_lbp_35_14,26.0,0.02669506504524887,0.006311224391938077,0.020180376838235294,0.02255859375,0.025203929227941176,0.02739401424632353,0.04230813419117647,1.3934715755502678,0.9360180908073277
cold_lbp_35_15,26.0,0.029777202347285068,0.004540903408686174,0.024396829044117645,0.026595530790441177,0.02868221507352941,0.03139792049632353,0.04260110294117647,1.3758581071366067,1.6374381630425692
cold_lbp_35_16,26.0,0.02018413284785068,0.0035865408382249973,0.015688189338235296,0.018517348345588235,0.019175091911764707,0.02068301930147059,0.030531939338235295,1.7643730797703001,2.717979205429038
cold_lbp_35_17,26.0,0.026503508554864257,0.0029161567396467775,0.021472886029411765,0.025113453584558826,0.02578412224264706,0.027649643841911764,0.03469669117647059,1.3968634120365098,2.135526855073361
cold_lbp_35_18,26.0,0.015444269654977376,0.002897373618968779,0.00849609375,0.013690544577205883,0.01530618106617647,0.016686293658088235,0.02104204963235294,-0.0375563392613415,0.0827722137563982
cold_lbp_35_19,26.0,0.015815230839932127,0.0030826440313662935,0.007157628676470588,0.013905962775735295,0.016521139705882353,0.01790986902573529,0.020398667279411763,-0.7582982251426265,0.5618746793157059
cold_lbp_35_20,26.0,0.017566415087669682,0.0036998350955097987,0.00769186580882353,0.015191291360294118,0.01723920036764706,0.020714613970588235,0.022570082720588237,-0.5588252816410264,-0.030719852491234878
cold_lbp_35_21,26.0,0.017404243848981902,0.0036333896487334137,0.008071001838235295,0.015110868566176472,0.017155905330882355,0.020813706341911764,0.02316750919117647,-0.3954790275306641,-0.036144070298957054
cold_lbp_35_22,26.0,0.015744750424208143,0.003652169619570152,0.00693359375,0.01335305606617647,0.015107996323529412,0.01889935661764706,0.021869255514705883,-0.1915991636848862,-0.41337443603102697
cold_lbp_35_23,26.0,0.011064099618212671,0.002464999527233792,0.006525735294117647,0.009464039522058824,0.010400390625,0.01291934742647059,0.01713579963235294,0.5473571929957791,-0.07842951856409153
cold_lbp_35_24,26.0,0.5281543852516969,0.03993118627982937,0.4455250459558823,0.5027200137867647,0.5309599034926471,0.5577033547794117,0.5875689338235294,-0.4258176102012906,-0.6788846100123571
cold_lbp_35_25,26.0,0.11158331271210406,0.020967109950846035,0.04107306985294118,0.10179515165441178,0.1098288143382353,0.1220013786764706,0.1482421875,-0.9802767424308682,3.358791119128827
cold_area_pct_40,26.0,41.26756486849548,1.2358270470401878,40.025275735294116,40.312643612132355,40.801355698529406,41.717170266544116,44.25608915441177,0.9861640023805424,-0.23858163372821517
cold_mean_40,26.0,139.95612051037753,27.175790849205693,89.35064434189353,114.96446705902345,139.28931524658475,168.44330039587317,174.07917735728032,-0.22491825088741557,-1.3547144724082132
cold_std_40,26.0,12.801323529390517,5.106910922679564,8.118484215136414,9.939764865165893,12.241667617305447,13.671854533701591,34.40010763112788,3.0292820212377625,10.500865833844127
cold_median_40,26.0,143.23076923076923,28.10026005902108,90.0,119.25,141.5,171.75,178.0,-0.2316724722650627,-1.2871419191240518
cold_lbp_40_0,26.0,0.007970915229072398,0.0018895156377456326,0.0029641544117647058,0.007166245404411764,0.00849609375,0.009416647518382353,0.010311351102941176,-0.9928090355227596,0.2705267084488807
cold_lbp_40_1,26.0,0.0038960866798642534,0.0009222177550395745,0.0014476102941176471,0.00322265625,0.0041015625,0.004437614889705882,0.005526194852941177,-0.5787912696567575,0.2833016558822492
cold_lbp_40_2,26.0,0.004305270786199095,0.0009575975738825944,0.0014820772058823529,0.0038243910845588234,0.004242302389705882,0.0050120634191176475,0.005583639705882353,-0.957560537447455,1.0476789523604229
cold_lbp_40_3,26.0,0.004379507211538462,0.0010500555548574114,0.0019014246323529411,0.0037999770220588235,0.004411764705882353,0.005142750459558823,0.005945542279411764,-0.5414103152385743,-0.1108601059400498
cold_lbp_40_4,26.0,0.004466779199660633,0.001098431118941401,0.0024356617647058824,0.0036075367647058825,0.0045381433823529415,0.0051355698529411764,0.006525735294117647,0.08586701904821147,-0.6957558723434873
cold_lbp_40_5,26.0,0.005734101032239819,0.0013464113001828118,0.0029871323529411763,0.004832548253676471,0.00564108455882353,0.006425206801470589,0.008335248161764706,0.24651663311972646,-0.41247501934261566
cold_lbp_40_6,26.0,0.005783371040723981,0.001210418867596659,0.003825827205882353,0.004680319393382353,0.0059742647058823525,0.006656422334558824,0.008071001838235295,0.16271578581893287,-1.055965570650384
cold_lbp_40_7,26.0,0.008065699236425338,0.0012784534169878856,0.005819163602941177,0.006868968290441176,0.007915900735294117,0.008797679227941176,0.010512408088235295,0.10818441742238392,-0.9681502188282249
cold_lbp_40_8,26.0,0.011285704185520364,0.0010909841741800089,0.009512867647058823,0.010574161305147059,0.011264935661764706,0.011787683823529412,0.013488051470588236,0.3175628209568931,-0.5351224887192352
cold_lbp_40_9,26.0,0.015229072398190045,0.0011729343483979759,0.012735523897058823,0.014457433363970588,0.01536075367647059,0.015906479779411765,0.01760684742647059,-0.06191907887739678,-0.36586509629272035
cold_lbp_40_10,26.0,0.019216187075791855,0.0026535795055119857,0.01550436580882353,0.017246380974264706,0.01929285386029412,0.02016457950367647,0.02831456801470588,1.4049666378585368,3.413397723493353
cold_lbp_40_11,26.0,0.027058956094457014,0.005805475668706069,0.02099034926470588,0.022980813419117646,0.02619772518382353,0.029186293658088235,0.04827090992647059,1.9139449622668159,4.858151940637912
cold_lbp_40_12,26.0,0.02817007211538462,0.008425653020267229,0.020059742647058825,0.022350356158088235,0.026818129595588235,0.030095358455882352,0.060299862132352944,2.2830416405202696,6.2317952047627845
cold_lbp_40_13,26.0,0.038393488404977374,0.009165876431116389,0.028159466911764706,0.03159466911764706,0.03675034466911765,0.04047995174632353,0.06904871323529412,1.6569643766374766,3.1471691419630465
cold_lbp_40_14,26.0,0.029491082791289595,0.006500743633401038,0.022840073529411763,0.025045955882352942,0.027484489889705883,0.030629595588235293,0.04550206801470588,1.4543694912785265,1.1317513701528172
cold_lbp_40_15,26.0,0.03194972249717194,0.004766327088142752,0.02466107536764706,0.02934426700367647,0.03108053768382353,0.03358082490808824,0.04601332720588235,1.3590111510345182,2.006838822273661
cold_lbp_40_16,26.0,0.022150072468891408,0.0036827662974278034,0.017520680147058824,0.019908949908088235,0.020809397977941176,0.02338579963235294,0.03272633272058824,1.7026728593845952,2.451840511500735
cold_lbp_40_17,26.0,0.02813980309671946,0.003203744377393085,0.021984145220588235,0.026388729319852942,0.027042164522058824,0.029724839154411764,0.03694278492647059,1.0236224212519858,1.2561845932560676
cold_lbp_40_18,26.0,0.016889670531674207,0.003155855929598395,0.009650735294117647,0.015464154411764706,0.016716452205882353,0.01806784237132353,0.02246668198529412,-0.03170981371344441,-0.18130952054383132
cold_lbp_40_19,26.0,0.017280737415158367,0.003548093349439293,0.00832375919117647,0.015349264705882352,0.017494829963235294,0.019491038602941175,0.024988511029411766,-0.29189126691685685,0.4343976794096571
cold_lbp_40_20,26.0,0.019316715568438912,0.004806321541199658,0.008702895220588236,0.01589211856617647,0.019898897058823528,0.02121725643382353,0.030641084558823528,0.3956598569861952,0.6970135442411469
cold_lbp_40_21,26.0,0.019034352022058824,0.004871681530464046,0.009311810661764706,0.015935202205882355,0.01909466911764706,0.021029124540441178,0.03127297794117647,0.5893760147745711,0.6820679137509389
cold_lbp_40_22,26.0,0.01766871111425339,0.005769519968224409,0.008559283088235295,0.013569910386029413,0.01755801930147059,0.019947725183823532,0.033432904411764705,1.1542307393820914,1.3890619951285528
cold_lbp_40_23,26.0,0.011791881716628962,0.002695291714820761,0.006916360294117647,0.009979607077205882,0.011606732536764707,0.013193646599264705,0.017250689338235294,0.41628249446527466,-0.589081261866486
cold_lbp_40_24,26.0,0.48108120050904984,0.045595169526679746,0.38884995404411765,0.4579072840073529,0.4895220588235294,0.5189869600183823,0.5499655330882353,-0.6829958138422498,-0.5828020215016805
cold_lbp_40_25,26.0,0.12125083957861989,0.023926593515662845,0.04796645220588235,0.1040771484375,0.12366440716911764,0.13948041130514705,0.17109375,-0.7618804131005388,1.7751254544363695
